X1,ID,species_gene_ID,species_num,protein_num,average_duplicate,with_sce,max_seq_nums_from_single_tax
7029,OG8029,NA,2,41,20.5,without_sce,40
7294,OG8294,NA,2,37,18.5,without_sce,36
8448,OG9448,NA,1,27,27,without_sce,27
8583,OG9583,NA,1,26,26,without_sce,26
10212,OG11212,NA,1,17,17,without_sce,17
10756,OG11756,NA,1,15,15,without_sce,15
10757,OG11757,NA,1,15,15,without_sce,15
11055,OG12055,NA,1,14,14,without_sce,14
11168,OG12168,NA,6,13,2.166666667,without_sce,2
11396,OG12396,NA,4,13,3.25,without_sce,5
11430,OG12430,NA,6,13,2.166666667,without_sce,3
11573,OG12573,NA,6,12,2,without_sce,2
12112,OG13112,NA,6,11,1.833333333,without_sce,3
12400,OG13400,NA,1,11,11,without_sce,11
12401,OG13401,NA,1,11,11,without_sce,11
13093,OG14093,NA,5,10,2,without_sce,2
13152,OG14152,NA,1,10,10,without_sce,10
13644,OG14644,NA,6,9,1.5,without_sce,2
14074,OG15074,NA,2,9,4.5,without_sce,5
14076,OG15076,NA,6,9,1.5,without_sce,2
14250,OG15250,NA,1,9,9,without_sce,9
14251,OG15251,NA,1,9,9,without_sce,9
14782,OG15782,NA,5,8,1.6,without_sce,4
14791,OG15791,NA,5,8,1.6,without_sce,2
14867,OG15867,NA,6,8,1.333333333,without_sce,1
14942,OG15942,NA,6,8,1.333333333,without_sce,2
15430,OG16430,NA,6,8,1.333333333,without_sce,1
16026,OG17026,NA,6,7,1.166666667,without_sce,2
16198,OG17198,NA,6,7,1.166666667,without_sce,2
16255,OG17255,NA,6,7,1.166666667,without_sce,2
16298,OG17298,NA,5,7,1.4,without_sce,1
16564,OG17564,NA,6,7,1.166666667,without_sce,1
16624,OG17624,NA,5,7,1.4,without_sce,2
16695,OG17695,NA,4,7,1.75,without_sce,2
16703,OG17703,NA,5,7,1.4,without_sce,2
16730,OG17730,NA,6,7,1.166666667,without_sce,1
16747,OG17747,NA,6,7,1.166666667,without_sce,1
16764,OG17764,NA,6,7,1.166666667,without_sce,2
16877,OG17877,NA,6,7,1.166666667,without_sce,2
16955,OG17955,NA,6,7,1.166666667,without_sce,2
16972,OG17972,NA,5,7,1.4,without_sce,1
17213,OG18213,NA,6,7,1.166666667,without_sce,2
17217,OG18217,NA,4,7,1.75,without_sce,2
17345,OG18345,NA,6,7,1.166666667,without_sce,2
17720,OG18720,NA,6,6,1,without_sce,1
17806,OG18806,NA,6,6,1,without_sce,1
17818,OG18818,NA,6,6,1,without_sce,1
17831,OG18831,NA,5,6,1.2,without_sce,2
17992,OG18992,NA,6,6,1,without_sce,1
18024,OG19024,NA,5,6,1.2,without_sce,1
18063,OG19063,NA,5,6,1.2,without_sce,1
18095,OG19095,NA,6,6,1,without_sce,1
18102,OG19102,NA,6,6,1,without_sce,1
18111,OG19111,NA,5,6,1.2,without_sce,1
18138,OG19138,NA,5,6,1.2,without_sce,2
18164,OG19164,NA,4,6,1.5,without_sce,3
18196,OG19196,NA,6,6,1,without_sce,1
18213,OG19213,NA,6,6,1,without_sce,1
18220,OG19220,NA,4,6,1.5,without_sce,3
18387,OG19387,NA,6,6,1,without_sce,1
18559,OG19559,NA,5,6,1.2,without_sce,2
18584,OG19584,NA,6,6,1,without_sce,1
18614,OG19614,NA,6,6,1,without_sce,1
18619,OG19619,NA,5,6,1.2,without_sce,2
18629,OG19629,NA,6,6,1,without_sce,1
18632,OG19632,NA,3,6,2,without_sce,3
18733,OG19733,NA,5,6,1.2,without_sce,2
18842,OG19842,NA,5,6,1.2,without_sce,2
18929,OG19929,NA,4,6,1.5,without_sce,2
19130,OG20130,NA,5,6,1.2,without_sce,1
19448,OG20448,NA,4,6,1.5,without_sce,3
19471,OG20471,NA,4,6,1.5,without_sce,3
19713,OG20713,NA,1,6,6,without_sce,6
19781,OG20781,NA,5,6,1.2,without_sce,2
19809,OG20809,NA,4,6,1.5,without_sce,2
19822,OG20822,NA,5,6,1.2,without_sce,2
19970,OG20970,NA,6,6,1,without_sce,1
20722,OG21722,NA,5,5,1,without_sce,1
20824,OG21824,NA,5,5,1,without_sce,1
20825,OG21825,NA,5,5,1,without_sce,1
20849,OG21849,NA,4,5,1.25,without_sce,2
20870,OG21870,NA,5,5,1,without_sce,1
20872,OG21872,NA,5,5,1,without_sce,1
20895,OG21895,NA,5,5,1,without_sce,1
20903,OG21903,NA,5,5,1,without_sce,1
20913,OG21913,NA,4,5,1.25,without_sce,1
20939,OG21939,NA,4,5,1.25,without_sce,2
20959,OG21959,NA,5,5,1,without_sce,1
20964,OG21964,NA,5,5,1,without_sce,1
20986,OG21986,NA,5,5,1,without_sce,1
20992,OG21992,NA,5,5,1,without_sce,1
21007,OG22007,NA,5,5,1,without_sce,1
21020,OG22020,NA,5,5,1,without_sce,1
21026,OG22026,NA,5,5,1,without_sce,1
21059,OG22059,NA,5,5,1,without_sce,1
21061,OG22061,NA,5,5,1,without_sce,1
21323,OG22323,NA,3,5,1.666666667,without_sce,3
21457,OG22457,NA,5,5,1,with_sce,1
21496,OG22496,NA,5,5,1,without_sce,1
21537,OG22537,NA,5,5,1,without_sce,1
21556,OG22556,NA,4,5,1.25,without_sce,1
21575,OG22575,NA,5,5,1,without_sce,1
21597,OG22597,NA,5,5,1,without_sce,1
21618,OG22618,NA,5,5,1,with_sce,1
21664,OG22664,NA,5,5,1,without_sce,1
21752,OG22752,NA,5,5,1,without_sce,1
21949,OG22949,NA,3,5,1.666666667,without_sce,2
21967,OG22967,NA,5,5,1,without_sce,1
21984,OG22984,NA,5,5,1,without_sce,1
21987,OG22987,NA,4,5,1.25,without_sce,2
22032,OG23032,NA,5,5,1,without_sce,1
22078,OG23078,NA,5,5,1,without_sce,1
22095,OG23095,NA,3,5,1.666666667,without_sce,2
22687,OG23687,NA,5,5,1,without_sce,1
22742,OG23742,NA,5,5,1,without_sce,1
22846,OG23846,NA,4,5,1.25,without_sce,2
22863,OG23863,NA,5,5,1,without_sce,1
22930,OG23930,NA,4,5,1.25,without_sce,2
23161,OG24161,NA,5,5,1,without_sce,1
23368,OG24368,NA,1,5,5,without_sce,5
23370,OG24370,NA,1,5,5,without_sce,5
23548,OG24548,NA,3,5,1.666666667,without_sce,2
23845,OG24845,NA,2,5,2.5,without_sce,3
24219,OG25219,NA,4,4,1,without_sce,1
24247,OG25247,NA,4,4,1,without_sce,1
24338,OG25338,NA,3,4,1.333333333,without_sce,2
24340,OG25340,NA,3,4,1.333333333,without_sce,2
24500,OG25500,NA,4,4,1,without_sce,1
24505,OG25505,NA,4,4,1,without_sce,1
24587,OG25587,NA,3,4,1.333333333,without_sce,1
24605,OG25605,NA,4,4,1,without_sce,1
24614,OG25614,NA,3,4,1.333333333,without_sce,2
24622,OG25622,NA,3,4,1.333333333,without_sce,2
24625,OG25625,NA,4,4,1,without_sce,1
24633,OG25633,NA,4,4,1,without_sce,1
24651,OG25651,NA,3,4,1.333333333,without_sce,2
24666,OG25666,NA,4,4,1,without_sce,1
24677,OG25677,NA,4,4,1,without_sce,1
24724,OG25724,NA,3,4,1.333333333,without_sce,1
24727,OG25727,NA,4,4,1,without_sce,1
24814,OG25814,NA,4,4,1,without_sce,1
25011,OG26011,NA,4,4,1,without_sce,1
25164,OG26164,NA,4,4,1,without_sce,1
25188,OG26188,NA,4,4,1,with_sce,1
25206,OG26206,NA,3,4,1.333333333,without_sce,2
25312,OG26312,NA,3,4,1.333333333,without_sce,2
25355,OG26355,NA,4,4,1,without_sce,1
25381,OG26381,NA,4,4,1,without_sce,1
25410,OG26410,NA,4,4,1,without_sce,1
25424,OG26424,NA,3,4,1.333333333,without_sce,2
25593,OG26593,NA,4,4,1,without_sce,1
25768,OG26768,NA,4,4,1,without_sce,1
25790,OG26790,NA,2,4,2,without_sce,2
25800,OG26800,NA,4,4,1,without_sce,1
25810,OG26810,NA,4,4,1,without_sce,1
25943,OG26943,NA,4,4,1,without_sce,1
25953,OG26953,NA,4,4,1,without_sce,1
25966,OG26966,NA,4,4,1,without_sce,1
25982,OG26982,NA,3,4,1.333333333,without_sce,2
26370,OG27370,NA,3,4,1.333333333,without_sce,2
26387,OG27387,NA,4,4,1,without_sce,1
26394,OG27394,NA,4,4,1,without_sce,1
26453,OG27453,NA,3,4,1.333333333,without_sce,2
26462,OG27462,NA,2,4,2,without_sce,2
26669,OG27669,NA,1,4,4,without_sce,4
26810,OG27810,NA,3,4,1.333333333,without_sce,2
26847,OG27847,NA,4,4,1,without_sce,1
26850,OG27850,NA,2,4,2,without_sce,2
26862,OG27862,NA,4,4,1,without_sce,1
26869,OG27869,NA,2,4,2,without_sce,3
26882,OG27882,NA,4,4,1,without_sce,1
26928,OG27928,NA,2,4,2,without_sce,2
26954,OG27954,NA,4,4,1,without_sce,1
27200,OG28200,NA,3,4,1.333333333,without_sce,2
27370,OG28370,NA,2,4,2,without_sce,2
27446,OG28446,NA,3,4,1.333333333,without_sce,2
27500,OG28500,NA,1,4,4,without_sce,4
27503,OG28503,NA,1,4,4,without_sce,4
27529,OG28529,NA,4,4,1,without_sce,1
27565,OG28565,NA,4,4,1,without_sce,1
27734,OG28734,NA,2,4,2,without_sce,3
28016,OG29016,NA,3,4,1.333333333,without_sce,2
28146,OG29146,NA,4,4,1,without_sce,1
28220,OG29220,NA,2,4,2,without_sce,2
28503,OG29503,NA,2,4,2,without_sce,3
29194,OG30194,NA,3,3,1,without_sce,1
29217,OG30217,NA,3,3,1,without_sce,1
29251,OG30251,NA,3,3,1,without_sce,1
29252,OG30252,NA,3,3,1,without_sce,1
29265,OG30265,NA,3,3,1,without_sce,1
29310,OG30310,NA,3,3,1,without_sce,1
29446,OG30446,NA,3,3,1,without_sce,1
29456,OG30456,NA,2,3,1.5,without_sce,2
29549,OG30549,NA,3,3,1,without_sce,1
29600,OG30600,NA,3,3,1,without_sce,1
29607,OG30607,NA,3,3,1,without_sce,1
29621,OG30621,NA,3,3,1,without_sce,1
29647,OG30647,NA,3,3,1,without_sce,1
29840,OG30840,NA,3,3,1,without_sce,1
29903,OG30903,NA,3,3,1,without_sce,1
29961,OG30961,NA,3,3,1,without_sce,1
30233,OG31233,NA,1,3,3,without_sce,3
30248,OG31248,NA,2,3,1.5,without_sce,2
30256,OG31256,NA,3,3,1,without_sce,1
30266,OG31266,NA,3,3,1,without_sce,1
30292,OG31292,NA,3,3,1,without_sce,1
30313,OG31313,NA,3,3,1,without_sce,1
30316,OG31316,NA,3,3,1,without_sce,1
30317,OG31317,NA,3,3,1,without_sce,1
30331,OG31331,NA,3,3,1,without_sce,1
30355,OG31355,NA,3,3,1,without_sce,1
30365,OG31365,NA,3,3,1,without_sce,1
30402,OG31402,NA,3,3,1,without_sce,1
30447,OG31447,NA,3,3,1,without_sce,1
30498,OG31498,NA,3,3,1,without_sce,1
30513,OG31513,NA,3,3,1,without_sce,1
30527,OG31527,NA,3,3,1,without_sce,1
30530,OG31530,NA,3,3,1,without_sce,1
30540,OG31540,NA,3,3,1,without_sce,1
30563,OG31563,NA,3,3,1,without_sce,1
30631,OG31631,NA,3,3,1,without_sce,1
30639,OG31639,NA,2,3,1.5,without_sce,2
30646,OG31646,NA,2,3,1.5,without_sce,2
30661,OG31661,NA,3,3,1,without_sce,1
30764,OG31764,NA,3,3,1,without_sce,1
30778,OG31778,NA,3,3,1,without_sce,1
30808,OG31808,NA,3,3,1,without_sce,1
30821,OG31821,NA,3,3,1,without_sce,1
31055,OG32055,NA,3,3,1,without_sce,1
31194,OG32194,NA,2,3,1.5,without_sce,2
31200,OG32200,NA,2,3,1.5,without_sce,2
31223,OG32223,NA,1,3,3,without_sce,3
31250,OG32250,NA,3,3,1,without_sce,1
31251,OG32251,NA,2,3,1.5,without_sce,2
31411,OG32411,NA,3,3,1,without_sce,1
31452,OG32452,NA,2,3,1.5,without_sce,2
31497,OG32497,NA,3,3,1,without_sce,1
31561,OG32561,NA,3,3,1,without_sce,1
31589,OG32589,NA,2,3,1.5,without_sce,2
31590,OG32590,NA,3,3,1,without_sce,1
31599,OG32599,NA,3,3,1,without_sce,1
31608,OG32608,NA,2,3,1.5,without_sce,2
31623,OG32623,NA,3,3,1,without_sce,1
31650,OG32650,NA,3,3,1,without_sce,1
31659,OG32659,NA,3,3,1,without_sce,1
31667,OG32667,NA,3,3,1,without_sce,1
31682,OG32682,NA,3,3,1,without_sce,1
31683,OG32683,NA,3,3,1,without_sce,1
31733,OG32733,NA,3,3,1,without_sce,1
31767,OG32767,NA,3,3,1,without_sce,1
31798,OG32798,NA,3,3,1,without_sce,1
31822,OG32822,NA,3,3,1,without_sce,1
31939,OG32939,NA,1,3,3,without_sce,3
32043,OG33043,NA,3,3,1,without_sce,1
32357,OG33357,NA,3,3,1,without_sce,1
32367,OG33367,NA,3,3,1,without_sce,1
32406,OG33406,NA,3,3,1,without_sce,1
32424,OG33424,NA,3,3,1,without_sce,1
32708,OG33708,NA,3,3,1,without_sce,1
32759,OG33759,NA,3,3,1,without_sce,1
32810,OG33810,NA,3,3,1,without_sce,1
32813,OG33813,NA,2,3,1.5,without_sce,2
32814,OG33814,NA,3,3,1,without_sce,1
32815,OG33815,NA,2,3,1.5,without_sce,2
32816,OG33816,NA,1,3,3,without_sce,3
32834,OG33834,NA,2,3,1.5,without_sce,2
32835,OG33835,NA,2,3,1.5,without_sce,2
32860,OG33860,NA,3,3,1,without_sce,1
32994,OG33994,NA,3,3,1,without_sce,1
33178,OG34178,NA,3,3,1,without_sce,1
33213,OG34213,NA,2,3,1.5,without_sce,2
33291,OG34291,NA,1,3,3,without_sce,3
33687,OG34687,NA,3,3,1,without_sce,1
33709,OG34709,NA,1,3,3,without_sce,3
33804,OG34804,NA,2,3,1.5,without_sce,2
33812,OG34812,NA,2,3,1.5,without_sce,2
33975,OG34975,NA,2,3,1.5,without_sce,2
33987,OG34987,NA,3,3,1,without_sce,1
34031,OG35031,NA,2,3,1.5,without_sce,2
34047,OG35047,NA,1,3,3,without_sce,3
34079,OG35079,NA,2,3,1.5,without_sce,2
34098,OG35098,NA,2,3,1.5,without_sce,2
34102,OG35102,NA,2,3,1.5,without_sce,2
34124,OG35124,NA,3,3,1,without_sce,1
34218,OG35218,NA,3,3,1,without_sce,1
34334,OG35334,NA,3,3,1,without_sce,1
34341,OG35341,NA,3,3,1,without_sce,1
34343,OG35343,NA,2,3,1.5,without_sce,2
34344,OG35344,NA,2,3,1.5,without_sce,2
34348,OG35348,NA,3,3,1,without_sce,1
34356,OG35356,NA,1,3,3,without_sce,3
34398,OG35398,NA,2,3,1.5,without_sce,2
34735,OG35735,NA,1,3,3,without_sce,3
34815,OG35815,NA,1,3,3,without_sce,3
35078,OG36078,NA,3,3,1,without_sce,1
35095,OG36095,NA,3,3,1,without_sce,1
35187,OG36187,NA,1,3,3,without_sce,3
35196,OG36196,NA,3,3,1,without_sce,1
35217,OG36217,NA,3,3,1,without_sce,1
35282,OG36282,NA,2,3,1.5,without_sce,2
35302,OG36302,NA,3,3,1,without_sce,1
36457,OG37457,NA,3,3,1,without_sce,1
36597,OG37597,NA,3,3,1,without_sce,1
36828,OG37828,NA,3,3,1,without_sce,1
37065,OG38065,NA,3,3,1,without_sce,1
37101,OG38101,NA,3,3,1,without_sce,1
37111,OG38111,NA,3,3,1,without_sce,1
37349,OG38349,NA,1,2,2,without_sce,2
37644,OG38644,NA,2,2,1,without_sce,1
37653,OG38653,NA,2,2,1,without_sce,1
37734,OG38734,NA,2,2,1,without_sce,1
37818,OG38818,NA,2,2,1,without_sce,1
37849,OG38849,NA,2,2,1,without_sce,1
37864,OG38864,NA,2,2,1,without_sce,1
37882,OG38882,NA,2,2,1,without_sce,1
37892,OG38892,NA,2,2,1,without_sce,1
37916,OG38916,NA,2,2,1,without_sce,1
37958,OG38958,NA,2,2,1,without_sce,1
37995,OG38995,NA,2,2,1,without_sce,1
38004,OG39004,NA,2,2,1,without_sce,1
38098,OG39098,NA,2,2,1,without_sce,1
38105,OG39105,NA,2,2,1,without_sce,1
38111,OG39111,NA,2,2,1,without_sce,1
38148,OG39148,NA,2,2,1,without_sce,1
38154,OG39154,NA,2,2,1,without_sce,1
38174,OG39174,NA,2,2,1,without_sce,1
38384,OG39384,NA,2,2,1,without_sce,1
38466,OG39466,NA,1,2,2,without_sce,2
38469,OG39469,NA,1,2,2,without_sce,2
38513,OG39513,NA,2,2,1,without_sce,1
38518,OG39518,NA,2,2,1,without_sce,1
38555,OG39555,NA,2,2,1,without_sce,1
38606,OG39606,NA,2,2,1,without_sce,1
38608,OG39608,NA,2,2,1,without_sce,1
38614,OG39614,NA,2,2,1,without_sce,1
38737,OG39737,NA,2,2,1,without_sce,1
38769,OG39769,NA,2,2,1,without_sce,1
38775,OG39775,NA,2,2,1,with_sce,1
38812,OG39812,NA,2,2,1,without_sce,1
38852,OG39852,NA,2,2,1,without_sce,1
38855,OG39855,NA,2,2,1,without_sce,1
38867,OG39867,NA,2,2,1,without_sce,1
38972,OG39972,NA,2,2,1,without_sce,1
38980,OG39980,NA,2,2,1,without_sce,1
39024,OG40024,NA,2,2,1,without_sce,1
39100,OG40100,NA,2,2,1,without_sce,1
39127,OG40127,NA,2,2,1,without_sce,1
39156,OG40156,NA,2,2,1,without_sce,1
39159,OG40159,NA,2,2,1,without_sce,1
39222,OG40222,NA,2,2,1,without_sce,1
39279,OG40279,NA,2,2,1,without_sce,1
39299,OG40299,NA,2,2,1,without_sce,1
39304,OG40304,NA,2,2,1,without_sce,1
39503,OG40503,NA,2,2,1,without_sce,1
39509,OG40509,NA,2,2,1,without_sce,1
39541,OG40541,NA,2,2,1,without_sce,1
39546,OG40546,NA,2,2,1,without_sce,1
39698,OG40698,NA,2,2,1,without_sce,1
39752,OG40752,NA,2,2,1,without_sce,1
39763,OG40763,NA,2,2,1,without_sce,1
39764,OG40764,NA,2,2,1,without_sce,1
39818,OG40818,NA,2,2,1,without_sce,1
39926,OG40926,NA,2,2,1,without_sce,1
39996,OG40996,NA,2,2,1,without_sce,1
40117,OG41117,NA,2,2,1,without_sce,1
40153,OG41153,NA,2,2,1,without_sce,1
40200,OG41200,NA,2,2,1,without_sce,1
40215,OG41215,NA,2,2,1,without_sce,1
40217,OG41217,NA,2,2,1,without_sce,1
40240,OG41240,NA,2,2,1,without_sce,1
40389,OG41389,NA,2,2,1,without_sce,1
40485,OG41485,NA,2,2,1,without_sce,1
40497,OG41497,NA,2,2,1,without_sce,1
40516,OG41516,NA,1,2,2,without_sce,2
40627,OG41627,NA,2,2,1,with_sce,1
40636,OG41636,NA,1,2,2,without_sce,2
40644,OG41644,NA,1,2,2,without_sce,2
40710,OG41710,NA,1,2,2,without_sce,2
40735,OG41735,NA,2,2,1,without_sce,1
40761,OG41761,NA,2,2,1,without_sce,1
41280,OG42280,NA,2,2,1,without_sce,1
41365,OG42365,NA,2,2,1,without_sce,1
41532,OG42532,NA,1,2,2,without_sce,2
41652,OG42652,NA,2,2,1,without_sce,1
41741,OG42741,NA,1,2,2,without_sce,2
41977,OG42977,NA,2,2,1,without_sce,1
42046,OG43046,NA,1,2,2,without_sce,2
42063,OG43063,NA,2,2,1,without_sce,1
42194,OG43194,NA,1,2,2,without_sce,2
42240,OG43240,NA,2,2,1,without_sce,1
42254,OG43254,NA,2,2,1,without_sce,1
42288,OG43288,NA,2,2,1,without_sce,1
42294,OG43294,NA,2,2,1,without_sce,1
42452,OG43452,NA,2,2,1,without_sce,1
42459,OG43459,NA,1,2,2,without_sce,2
42494,OG43494,NA,2,2,1,without_sce,1
42533,OG43533,NA,1,2,2,without_sce,2
42738,OG43738,NA,2,2,1,without_sce,1
43203,OG44203,NA,2,2,1,without_sce,1
43385,OG44385,NA,2,2,1,without_sce,1
43496,OG44496,NA,2,2,1,without_sce,1
43499,OG44499,NA,2,2,1,without_sce,1
43513,OG44513,NA,2,2,1,without_sce,1
43525,OG44525,NA,2,2,1,without_sce,1
43526,OG44526,NA,2,2,1,without_sce,1
43530,OG44530,NA,2,2,1,without_sce,1
43536,OG44536,NA,2,2,1,without_sce,1
43575,OG44575,NA,2,2,1,without_sce,1
43582,OG44582,NA,2,2,1,without_sce,1
43586,OG44586,NA,2,2,1,without_sce,1
43621,OG44621,NA,2,2,1,without_sce,1
43631,OG44631,NA,2,2,1,without_sce,1
43633,OG44633,NA,2,2,1,without_sce,1
43637,OG44637,NA,2,2,1,without_sce,1
43694,OG44694,NA,2,2,1,without_sce,1
43720,OG44720,NA,2,2,1,without_sce,1
43723,OG44723,NA,2,2,1,without_sce,1
43735,OG44735,NA,2,2,1,without_sce,1
43751,OG44751,NA,2,2,1,without_sce,1
43758,OG44758,NA,2,2,1,without_sce,1
43777,OG44777,NA,2,2,1,without_sce,1
44030,OG45030,NA,2,2,1,without_sce,1
44342,OG45342,NA,2,2,1,without_sce,1
44792,OG45792,NA,2,2,1,without_sce,1
44994,OG45994,NA,1,2,2,without_sce,2
45121,OG46121,NA,2,2,1,without_sce,1
45132,OG46132,NA,2,2,1,without_sce,1
45139,OG46139,NA,2,2,1,without_sce,1
45325,OG46325,NA,2,2,1,without_sce,1
45370,OG46370,NA,2,2,1,without_sce,1
45386,OG46386,NA,2,2,1,without_sce,1
45424,OG46424,NA,2,2,1,without_sce,1
45501,OG46501,NA,2,2,1,without_sce,1
45740,OG46740,NA,2,2,1,without_sce,1
45749,OG46749,NA,1,2,2,without_sce,2
45758,OG46758,NA,1,2,2,without_sce,2
45901,OG46901,NA,2,2,1,without_sce,1
45957,OG46957,NA,1,2,2,without_sce,2
45969,OG46969,NA,2,2,1,without_sce,1
45992,OG46992,NA,1,2,2,without_sce,2
45994,OG46994,NA,2,2,1,without_sce,1
46003,OG47003,NA,1,2,2,without_sce,2
46007,OG47007,NA,1,2,2,without_sce,2
46013,OG47013,NA,2,2,1,without_sce,1
46025,OG47025,NA,1,2,2,without_sce,2
46029,OG47029,NA,2,2,1,without_sce,1
46031,OG47031,NA,1,2,2,without_sce,2
46069,OG47069,NA,2,2,1,without_sce,1
46074,OG47074,NA,1,2,2,without_sce,2
46102,OG47102,NA,2,2,1,without_sce,1
46116,OG47116,NA,2,2,1,without_sce,1
46126,OG47126,NA,1,2,2,without_sce,2
46143,OG47143,NA,1,2,2,without_sce,2
46144,OG47144,NA,1,2,2,without_sce,2
46155,OG47155,NA,2,2,1,without_sce,1
46156,OG47156,NA,1,2,2,without_sce,2
46160,OG47160,NA,1,2,2,without_sce,2
46173,OG47173,NA,2,2,1,without_sce,1
46190,OG47190,NA,1,2,2,without_sce,2
46191,OG47191,NA,1,2,2,without_sce,2
46193,OG47193,NA,1,2,2,without_sce,2
46252,OG47252,NA,1,2,2,without_sce,2
46255,OG47255,NA,1,2,2,without_sce,2
46265,OG47265,NA,2,2,1,without_sce,1
46271,OG47271,NA,2,2,1,without_sce,1
46273,OG47273,NA,1,2,2,without_sce,2
46315,OG47315,NA,2,2,1,without_sce,1
46341,OG47341,NA,2,2,1,without_sce,1
46344,OG47344,NA,1,2,2,without_sce,2
46353,OG47353,NA,1,2,2,without_sce,2
46537,OG47537,NA,1,2,2,without_sce,2
46682,OG47682,NA,1,2,2,without_sce,2
46703,OG47703,NA,1,2,2,without_sce,2
46720,OG47720,NA,1,2,2,without_sce,2
46807,OG47807,NA,1,2,2,without_sce,2
46810,OG47810,NA,2,2,1,without_sce,1
46841,OG47841,NA,2,2,1,without_sce,1
46862,OG47862,NA,2,2,1,without_sce,1
46880,OG47880,NA,2,2,1,without_sce,1
47268,OG48268,NA,1,2,2,without_sce,2
47517,OG48517,NA,2,2,1,without_sce,1
47572,OG48572,NA,1,2,2,without_sce,2
47578,OG48578,NA,2,2,1,without_sce,1
47583,OG48583,NA,2,2,1,without_sce,1
47607,OG48607,NA,1,2,2,without_sce,2
47742,OG48742,NA,1,2,2,without_sce,2
47750,OG48750,NA,1,2,2,without_sce,2
47876,OG48876,NA,1,2,2,without_sce,2
48020,OG49020,NA,1,2,2,without_sce,2
48039,OG49039,NA,1,2,2,without_sce,2
48063,OG49063,NA,1,2,2,without_sce,2
48094,OG49094,NA,1,2,2,without_sce,2
48112,OG49112,NA,2,2,1,without_sce,1
48157,OG49157,NA,1,2,2,without_sce,2
48191,OG49191,NA,1,2,2,without_sce,2
48193,OG49193,NA,1,2,2,without_sce,2
48203,OG49203,NA,1,2,2,without_sce,2
48297,OG49297,NA,1,2,2,without_sce,2
48494,OG49494,NA,1,2,2,without_sce,2
48532,OG49532,NA,1,2,2,without_sce,2
48570,OG49570,NA,1,2,2,without_sce,2
48636,OG49636,NA,2,2,1,without_sce,1
48645,OG49645,NA,1,2,2,without_sce,2
48671,OG49671,NA,1,2,2,without_sce,2
48726,OG49726,NA,1,2,2,without_sce,2
48859,OG49859,NA,1,2,2,without_sce,2
48885,OG49885,NA,1,2,2,without_sce,2
48920,OG49920,NA,1,2,2,without_sce,2
48962,OG49962,NA,1,2,2,without_sce,2
49037,OG50037,NA,1,2,2,without_sce,2
49046,OG50046,NA,1,2,2,without_sce,2
49320,OG50320,NA,1,2,2,without_sce,2
49415,OG50415,NA,1,2,2,without_sce,2
49424,OG50424,NA,1,2,2,without_sce,2
49425,OG50425,NA,1,2,2,without_sce,2
49637,OG50637,NA,1,2,2,without_sce,2
49645,OG50645,NA,1,2,2,without_sce,2
49732,OG50732,NA,2,2,1,without_sce,1
49747,OG50747,NA,1,2,2,without_sce,2
49791,OG50791,NA,1,2,2,without_sce,2
49850,OG50850,NA,2,2,1,without_sce,1
50376,OG51376,NA,2,2,1,without_sce,1
50460,OG51460,NA,2,2,1,without_sce,1
50470,OG51470,NA,2,2,1,without_sce,1
50650,OG51650,NA,1,2,2,without_sce,2
50826,OG51826,NA,2,2,1,without_sce,1
50837,OG51837,NA,2,2,1,without_sce,1
50947,OG51947,NA,2,2,1,without_sce,1
50961,OG51961,NA,2,2,1,without_sce,1
50971,OG51971,NA,2,2,1,without_sce,1
50999,OG51999,NA,1,2,2,without_sce,2
51311,OG52311,NA,2,2,1,without_sce,1
51634,OG52634,NA,2,2,1,without_sce,1
51822,OG52822,NA,2,2,1,without_sce,1
52051,OG53051,NA,2,2,1,without_sce,1
52085,OG53085,NA,2,2,1,without_sce,1
52120,OG53120,NA,2,2,1,without_sce,1
52276,OG53276,NA,1,2,2,without_sce,2
52310,OG53310,NA,2,2,1,without_sce,1
52351,OG53351,NA,2,2,1,without_sce,1
52398,OG53398,NA,2,2,1,without_sce,1
52433,OG53433,NA,2,2,1,without_sce,1
52459,OG53459,NA,2,2,1,without_sce,1
52468,OG53468,NA,2,2,1,without_sce,1
52575,OG53575,NA,2,2,1,without_sce,1
52692,OG53692,NA,2,2,1,without_sce,1
52809,OG53809,NA,2,2,1,without_sce,1
52863,OG53863,NA,2,2,1,without_sce,1
52864,OG53864,NA,1,2,2,without_sce,2
52914,OG53914,NA,2,2,1,without_sce,1
52963,OG53963,NA,2,2,1,without_sce,1
53011,OG54011,NA,2,2,1,without_sce,1
53159,OG54159,NA,1,2,2,without_sce,2
53234,OG54234,NA,2,2,1,without_sce,1
53254,OG54254,NA,2,2,1,without_sce,1
53290,OG54290,NA,1,2,2,without_sce,2
53291,OG54291,NA,2,2,1,without_sce,1
53389,OG54389,NA,1,2,2,without_sce,2
53394,OG54394,NA,1,2,2,without_sce,2
53397,OG54397,NA,1,2,2,without_sce,2
53838,OG54838,NA,1,2,2,without_sce,2
54155,OG55155,NA,1,2,2,without_sce,2
54523,OG55523,NA,2,2,1,without_sce,1
54601,OG55601,NA,2,2,1,without_sce,1
54647,OG55647,NA,1,2,2,without_sce,2
54651,OG55651,NA,1,2,2,without_sce,2
54661,OG55661,NA,1,2,2,without_sce,2
54695,OG55695,NA,2,2,1,without_sce,1
54745,OG55745,NA,2,2,1,without_sce,1
54896,OG55896,NA,1,2,2,without_sce,2
55333,OG56333,NA,1,2,2,without_sce,2
55415,OG56415,NA,2,2,1,without_sce,1
55890,OG56890,NA,2,2,1,without_sce,1
56152,OG57152,NA,1,2,2,without_sce,2
56684,OG57684,NA,1,2,2,without_sce,2
56947,OG57947,NA,2,2,1,without_sce,1
57211,OG58211,NA,2,2,1,without_sce,1
57278,OG58278,NA,2,2,1,without_sce,1
57285,OG58285,NA,2,2,1,without_sce,1
57465,OG58465,NA,2,2,1,without_sce,1
57626,OG58626,NA,1,2,2,without_sce,2
57690,OG58690,NA,2,2,1,without_sce,1
57716,OG58716,NA,1,2,2,without_sce,2
57837,OG58837,NA,1,2,2,without_sce,2
57838,OG58838,NA,1,2,2,without_sce,2
57840,OG58840,NA,1,2,2,without_sce,2
57917,OG58917,NA,1,2,2,without_sce,2
57939,OG58939,NA,1,2,2,without_sce,2
57976,OG58976,NA,1,2,2,without_sce,2
58021,OG59021,NA,1,2,2,without_sce,2
58191,OG59191,NA,2,2,1,without_sce,1
58490,OG59490,NA,1,2,2,without_sce,2
58580,OG59580,NA,2,2,1,without_sce,1
58665,OG59665,NA,1,2,2,without_sce,2
58776,OG59776,NA,2,2,1,without_sce,1
58950,OG59950,NA,2,2,1,without_sce,1
59018,OG60018,NA,1,2,2,without_sce,2
59130,OG60130,NA,1,2,2,without_sce,2
59158,OG60158,NA,1,2,2,without_sce,2
59161,OG60161,NA,1,2,2,without_sce,2
59187,OG60187,NA,2,2,1,without_sce,1
59192,OG60192,NA,1,2,2,without_sce,2
59193,OG60193,NA,1,2,2,without_sce,2
59199,OG60199,NA,1,2,2,without_sce,2
59354,OG60354,NA,2,2,1,without_sce,1
59482,OG60482,NA,2,2,1,without_sce,1
59537,OG60537,NA,1,2,2,without_sce,2
59587,OG60587,NA,2,2,1,without_sce,1
59598,OG60598,NA,2,2,1,without_sce,1
59658,OG60658,NA,2,2,1,without_sce,1
59704,OG60704,NA,2,2,1,without_sce,1
59716,OG60716,NA,2,2,1,without_sce,1
59775,OG60775,NA,2,2,1,without_sce,1
59779,OG60779,NA,2,2,1,without_sce,1
59898,OG60898,NA,1,2,2,without_sce,2
59909,OG60909,NA,2,2,1,without_sce,1
59928,OG60928,NA,2,2,1,without_sce,1
59929,OG60929,NA,2,2,1,without_sce,1
59953,OG60953,NA,2,2,1,without_sce,1
59978,OG60978,NA,1,2,2,without_sce,2
59979,OG60979,NA,2,2,1,without_sce,1
59985,OG60985,NA,2,2,1,without_sce,1
59992,OG60992,NA,2,2,1,without_sce,1
59994,OG60994,NA,2,2,1,without_sce,1
60005,OG61005,NA,2,2,1,without_sce,1
60068,OG61068,NA,2,2,1,without_sce,1
60114,OG61114,NA,1,2,2,without_sce,2
60414,OG61414,NA,1,2,2,without_sce,2
60445,OG61445,NA,1,2,2,without_sce,2
60563,OG61563,NA,1,2,2,without_sce,2
60567,OG61567,NA,2,2,1,without_sce,1
60720,OG61720,NA,2,2,1,without_sce,1
60884,OG61884,NA,2,2,1,without_sce,1
60887,OG61887,NA,1,2,2,without_sce,2
60959,OG61959,NA,2,2,1,without_sce,1
61221,OG62221,NA,2,2,1,without_sce,1
61328,OG62328,NA,2,2,1,without_sce,1
61428,OG62428,NA,2,2,1,without_sce,1
61499,OG62499,NA,2,2,1,without_sce,1
61521,OG62521,NA,2,2,1,without_sce,1
61610,OG62610,NA,1,2,2,without_sce,2
61627,OG62627,NA,1,2,2,without_sce,2
61640,OG62640,NA,1,2,2,without_sce,2
61921,OG62921,NA,1,1,1,without_sce,1
61943,OG62943,NA,1,1,1,without_sce,1
61968,OG62968,NA,1,1,1,without_sce,1
62062,OG63062,NA,1,1,1,without_sce,1
62113,OG63113,NA,1,1,1,without_sce,1
62381,OG63381,NA,1,1,1,without_sce,1
62416,OG63416,NA,1,1,1,without_sce,1
62521,OG63521,NA,1,1,1,without_sce,1
62524,OG63524,NA,1,1,1,without_sce,1
62605,OG63605,NA,1,1,1,without_sce,1
62611,OG63611,NA,1,1,1,without_sce,1
62687,OG63687,NA,1,1,1,without_sce,1
62780,OG63780,NA,1,1,1,without_sce,1
62801,OG63801,NA,1,1,1,without_sce,1
62831,OG63831,NA,1,1,1,without_sce,1
62866,OG63866,NA,1,1,1,without_sce,1
62889,OG63889,NA,1,1,1,without_sce,1
63076,OG64076,NA,1,1,1,without_sce,1
63098,OG64098,NA,1,1,1,without_sce,1
63252,OG64252,NA,1,1,1,without_sce,1
63259,OG64259,NA,1,1,1,without_sce,1
63355,OG64355,NA,1,1,1,without_sce,1
63459,OG64459,NA,1,1,1,without_sce,1
63704,OG64704,NA,1,1,1,without_sce,1
63831,OG64831,NA,1,1,1,without_sce,1
63959,OG64959,NA,1,1,1,without_sce,1
64121,OG65121,NA,1,1,1,without_sce,1
64134,OG65134,NA,1,1,1,without_sce,1
64402,OG65402,NA,1,1,1,without_sce,1
64468,OG65468,NA,1,1,1,without_sce,1
64614,OG65614,NA,1,1,1,without_sce,1
64956,OG65956,NA,1,1,1,without_sce,1
64966,OG65966,NA,1,1,1,without_sce,1
65030,OG66030,NA,1,1,1,without_sce,1
65077,OG66077,NA,1,1,1,without_sce,1
65132,OG66132,NA,1,1,1,without_sce,1
65140,OG66140,NA,1,1,1,without_sce,1
65261,OG66261,NA,1,1,1,without_sce,1
65355,OG66355,NA,1,1,1,without_sce,1
65360,OG66360,NA,1,1,1,without_sce,1
65462,OG66462,NA,1,1,1,without_sce,1
65716,OG66716,NA,1,1,1,without_sce,1
65748,OG66748,NA,1,1,1,without_sce,1
65802,OG66802,NA,1,1,1,without_sce,1
65808,OG66808,NA,1,1,1,without_sce,1
65844,OG66844,NA,1,1,1,without_sce,1
66012,OG67012,NA,1,1,1,without_sce,1
66031,OG67031,NA,1,1,1,without_sce,1
66094,OG67094,NA,1,1,1,without_sce,1
66174,OG67174,NA,1,1,1,without_sce,1
66215,OG67215,NA,1,1,1,without_sce,1
66257,OG67257,NA,1,1,1,without_sce,1
66276,OG67276,NA,1,1,1,without_sce,1
66360,OG67360,NA,1,1,1,without_sce,1
66376,OG67376,NA,1,1,1,without_sce,1
66408,OG67408,NA,1,1,1,without_sce,1
66514,OG67514,NA,1,1,1,without_sce,1
66523,OG67523,NA,1,1,1,without_sce,1
66535,OG67535,NA,1,1,1,without_sce,1
66608,OG67608,NA,1,1,1,without_sce,1
66808,OG67808,NA,1,1,1,without_sce,1
66859,OG67859,NA,1,1,1,without_sce,1
66952,OG67952,NA,1,1,1,without_sce,1
66954,OG67954,NA,1,1,1,without_sce,1
67276,OG68276,NA,1,1,1,without_sce,1
67429,OG68429,NA,1,1,1,without_sce,1
67521,OG68521,NA,1,1,1,without_sce,1
67668,OG68668,NA,1,1,1,without_sce,1
67766,OG68766,NA,1,1,1,without_sce,1
67782,OG68782,NA,1,1,1,without_sce,1
67856,OG68856,NA,1,1,1,without_sce,1
68076,OG69076,NA,1,1,1,without_sce,1
68177,OG69177,NA,1,1,1,without_sce,1
68270,OG69270,NA,1,1,1,without_sce,1
68386,OG69386,NA,1,1,1,without_sce,1
68532,OG69532,NA,1,1,1,without_sce,1
68634,OG69634,NA,1,1,1,without_sce,1
68695,OG69695,NA,1,1,1,without_sce,1
68703,OG69703,NA,1,1,1,without_sce,1
68765,OG69765,NA,1,1,1,without_sce,1
68967,OG69967,NA,1,1,1,without_sce,1
69025,OG70025,NA,1,1,1,without_sce,1
69079,OG70079,NA,1,1,1,without_sce,1
69170,OG70170,NA,1,1,1,without_sce,1
69236,OG70236,NA,1,1,1,without_sce,1
69424,OG70424,NA,1,1,1,without_sce,1
69448,OG70448,NA,1,1,1,without_sce,1
69536,OG70536,NA,1,1,1,without_sce,1
69675,OG70675,NA,1,1,1,without_sce,1
69703,OG70703,NA,1,1,1,without_sce,1
70036,OG71036,NA,1,1,1,without_sce,1
70253,OG71253,NA,1,1,1,without_sce,1
70303,OG71303,NA,1,1,1,without_sce,1
70308,OG71308,NA,1,1,1,without_sce,1
70607,OG71607,NA,1,1,1,without_sce,1
70613,OG71613,NA,1,1,1,without_sce,1
70664,OG71664,NA,1,1,1,without_sce,1
70695,OG71695,NA,1,1,1,without_sce,1
70714,OG71714,NA,1,1,1,without_sce,1
71079,OG72079,NA,1,1,1,without_sce,1
71108,OG72108,NA,1,1,1,without_sce,1
71150,OG72150,NA,1,1,1,without_sce,1
71212,OG72212,NA,1,1,1,without_sce,1
71375,OG72375,NA,1,1,1,without_sce,1
71459,OG72459,NA,1,1,1,without_sce,1
71633,OG72633,NA,1,1,1,without_sce,1
71913,OG72913,NA,1,1,1,without_sce,1
72023,OG73023,NA,1,1,1,without_sce,1
72126,OG73126,NA,1,1,1,without_sce,1
72149,OG73149,NA,1,1,1,without_sce,1
72203,OG73203,NA,1,1,1,without_sce,1
72390,OG73390,NA,1,1,1,without_sce,1
72582,OG73582,NA,1,1,1,without_sce,1
72613,OG73613,NA,1,1,1,without_sce,1
72780,OG73780,NA,1,1,1,without_sce,1
72918,OG73918,NA,1,1,1,without_sce,1
73083,OG74083,NA,1,1,1,without_sce,1
73103,OG74103,NA,1,1,1,without_sce,1
73118,OG74118,NA,1,1,1,without_sce,1
73260,OG74260,NA,1,1,1,without_sce,1
73345,OG74345,NA,1,1,1,without_sce,1
73361,OG74361,NA,1,1,1,without_sce,1
73397,OG74397,NA,1,1,1,without_sce,1
73456,OG74456,NA,1,1,1,without_sce,1
73466,OG74466,NA,1,1,1,without_sce,1
73511,OG74511,NA,1,1,1,without_sce,1
73534,OG74534,NA,1,1,1,without_sce,1
73589,OG74589,NA,1,1,1,without_sce,1
73638,OG74638,NA,1,1,1,without_sce,1
73663,OG74663,NA,1,1,1,without_sce,1
73702,OG74702,NA,1,1,1,without_sce,1
73737,OG74737,NA,1,1,1,without_sce,1
73788,OG74788,NA,1,1,1,without_sce,1
73938,OG74938,NA,1,1,1,without_sce,1
73978,OG74978,NA,1,1,1,without_sce,1
74185,OG75185,NA,1,1,1,without_sce,1
74276,OG75276,NA,1,1,1,without_sce,1
74485,OG75485,NA,1,1,1,without_sce,1
74493,OG75493,NA,1,1,1,without_sce,1
74747,OG75747,NA,1,1,1,without_sce,1
74762,OG75762,NA,1,1,1,without_sce,1
74764,OG75764,NA,1,1,1,without_sce,1
74788,OG75788,NA,1,1,1,without_sce,1
74910,OG75910,NA,1,1,1,without_sce,1
75077,OG76077,NA,1,1,1,without_sce,1
75145,OG76145,NA,1,1,1,without_sce,1
75313,OG76313,NA,1,1,1,without_sce,1
75671,OG76671,NA,1,1,1,without_sce,1
75709,OG76709,NA,1,1,1,without_sce,1
75919,OG76919,NA,1,1,1,without_sce,1
76294,OG77294,NA,1,1,1,without_sce,1
76412,OG77412,NA,1,1,1,without_sce,1
76432,OG77432,NA,1,1,1,without_sce,1
76703,OG77703,NA,1,1,1,without_sce,1
76729,OG77729,NA,1,1,1,without_sce,1
76735,OG77735,NA,1,1,1,without_sce,1
76883,OG77883,NA,1,1,1,without_sce,1
76885,OG77885,NA,1,1,1,without_sce,1
77254,OG78254,NA,1,1,1,without_sce,1
77341,OG78341,NA,1,1,1,without_sce,1
77384,OG78384,NA,1,1,1,without_sce,1
77414,OG78414,NA,1,1,1,without_sce,1
77434,OG78434,NA,1,1,1,without_sce,1
77444,OG78444,NA,1,1,1,without_sce,1
77500,OG78500,NA,1,1,1,without_sce,1
77619,OG78619,NA,1,1,1,without_sce,1
77654,OG78654,NA,1,1,1,without_sce,1
77773,OG78773,NA,1,1,1,without_sce,1
77835,OG78835,NA,1,1,1,without_sce,1
77963,OG78963,NA,1,1,1,without_sce,1
77966,OG78966,NA,1,1,1,without_sce,1
78031,OG79031,NA,1,1,1,without_sce,1
78054,OG79054,NA,1,1,1,without_sce,1
78303,OG79303,NA,1,1,1,without_sce,1
78328,OG79328,NA,1,1,1,without_sce,1
78404,OG79404,NA,1,1,1,without_sce,1
78733,OG79733,NA,1,1,1,without_sce,1
78789,OG79789,NA,1,1,1,without_sce,1
78822,OG79822,NA,1,1,1,without_sce,1
78908,OG79908,NA,1,1,1,without_sce,1
79093,OG80093,NA,1,1,1,without_sce,1
79148,OG80148,NA,1,1,1,without_sce,1
79372,OG80372,NA,1,1,1,without_sce,1
79419,OG80419,NA,1,1,1,without_sce,1
79566,OG80566,NA,1,1,1,without_sce,1
79620,OG80620,NA,1,1,1,without_sce,1
79644,OG80644,NA,1,1,1,without_sce,1
79757,OG80757,NA,1,1,1,without_sce,1
79784,OG80784,NA,1,1,1,without_sce,1
79851,OG80851,NA,1,1,1,without_sce,1
79910,OG80910,NA,1,1,1,without_sce,1
80006,OG81006,NA,1,1,1,without_sce,1
80080,OG81080,NA,1,1,1,without_sce,1
80251,OG81251,NA,1,1,1,without_sce,1
80257,OG81257,NA,1,1,1,without_sce,1
80295,OG81295,NA,1,1,1,without_sce,1
80429,OG81429,NA,1,1,1,without_sce,1
80846,OG81846,NA,1,1,1,without_sce,1
80851,OG81851,NA,1,1,1,without_sce,1
81001,OG82001,NA,1,1,1,without_sce,1
81032,OG82032,NA,1,1,1,without_sce,1
81049,OG82049,NA,1,1,1,without_sce,1
81303,OG82303,NA,1,1,1,without_sce,1
81370,OG82370,NA,1,1,1,without_sce,1
81393,OG82393,NA,1,1,1,without_sce,1
81474,OG82474,NA,1,1,1,without_sce,1
81503,OG82503,NA,1,1,1,without_sce,1
81574,OG82574,NA,1,1,1,without_sce,1
81663,OG82663,NA,1,1,1,without_sce,1
81809,OG82809,NA,1,1,1,without_sce,1
81925,OG82925,NA,1,1,1,without_sce,1
82274,OG83274,NA,1,1,1,without_sce,1
82340,OG83340,NA,1,1,1,without_sce,1
82352,OG83352,NA,1,1,1,without_sce,1
82487,OG83487,NA,1,1,1,without_sce,1
82568,OG83568,NA,1,1,1,without_sce,1
82656,OG83656,NA,1,1,1,without_sce,1
82714,OG83714,NA,1,1,1,without_sce,1
82888,OG83888,NA,1,1,1,without_sce,1
82910,OG83910,NA,1,1,1,without_sce,1
82929,OG83929,NA,1,1,1,without_sce,1
82973,OG83973,NA,1,1,1,without_sce,1
82982,OG83982,NA,1,1,1,without_sce,1
82998,OG83998,NA,1,1,1,without_sce,1
83310,OG84310,NA,1,1,1,without_sce,1
83401,OG84401,NA,1,1,1,without_sce,1
83413,OG84413,NA,1,1,1,without_sce,1
83540,OG84540,NA,1,1,1,without_sce,1
83541,OG84541,NA,1,1,1,without_sce,1
83556,OG84556,NA,1,1,1,without_sce,1
83708,OG84708,NA,1,1,1,without_sce,1
83751,OG84751,NA,1,1,1,without_sce,1
83784,OG84784,NA,1,1,1,without_sce,1
83860,OG84860,NA,1,1,1,without_sce,1
83869,OG84869,NA,1,1,1,without_sce,1
83902,OG84902,NA,1,1,1,without_sce,1
83909,OG84909,NA,1,1,1,without_sce,1
84147,OG85147,NA,1,1,1,without_sce,1
84202,OG85202,NA,1,1,1,without_sce,1
84362,OG85362,NA,1,1,1,without_sce,1
84367,OG85367,NA,1,1,1,without_sce,1
84703,OG85703,NA,1,1,1,without_sce,1
84823,OG85823,NA,1,1,1,without_sce,1
84877,OG85877,NA,1,1,1,without_sce,1
84893,OG85893,NA,1,1,1,without_sce,1
84972,OG85972,NA,1,1,1,without_sce,1
85056,OG86056,NA,1,1,1,without_sce,1
85057,OG86057,NA,1,1,1,without_sce,1
85059,OG86059,NA,1,1,1,without_sce,1
85090,OG86090,NA,1,1,1,without_sce,1
85106,OG86106,NA,1,1,1,without_sce,1
85130,OG86130,NA,1,1,1,without_sce,1
85201,OG86201,NA,1,1,1,without_sce,1
85210,OG86210,NA,1,1,1,without_sce,1
85317,OG86317,NA,1,1,1,without_sce,1
85354,OG86354,NA,1,1,1,without_sce,1
85360,OG86360,NA,1,1,1,without_sce,1
85523,OG86523,NA,1,1,1,without_sce,1
85669,OG86669,NA,1,1,1,without_sce,1
85695,OG86695,NA,1,1,1,without_sce,1
85880,OG86880,NA,1,1,1,without_sce,1
85931,OG86931,NA,1,1,1,without_sce,1
86001,OG87001,NA,1,1,1,without_sce,1
86064,OG87064,NA,1,1,1,without_sce,1
86110,OG87110,NA,1,1,1,without_sce,1
86393,OG87393,NA,1,1,1,without_sce,1
86480,OG87480,NA,1,1,1,without_sce,1
86583,OG87583,NA,1,1,1,without_sce,1
86712,OG87712,NA,1,1,1,without_sce,1
86773,OG87773,NA,1,1,1,without_sce,1
86822,OG87822,NA,1,1,1,without_sce,1
86933,OG87933,NA,1,1,1,without_sce,1
86977,OG87977,NA,1,1,1,without_sce,1
87154,OG88154,NA,1,1,1,without_sce,1
87265,OG88265,NA,1,1,1,without_sce,1
87572,OG88572,NA,1,1,1,without_sce,1
88055,OG89055,NA,1,1,1,without_sce,1
88200,OG89200,NA,1,1,1,without_sce,1
88364,OG89364,NA,1,1,1,without_sce,1
88432,OG89432,NA,1,1,1,without_sce,1
88439,OG89439,NA,1,1,1,without_sce,1
88458,OG89458,NA,1,1,1,without_sce,1
88694,OG89694,NA,1,1,1,without_sce,1
88731,OG89731,NA,1,1,1,without_sce,1
88742,OG89742,NA,1,1,1,without_sce,1
88749,OG89749,NA,1,1,1,without_sce,1
88775,OG89775,NA,1,1,1,without_sce,1
88822,OG89822,NA,1,1,1,without_sce,1
88889,OG89889,NA,1,1,1,without_sce,1
88896,OG89896,NA,1,1,1,without_sce,1
88985,OG89985,NA,1,1,1,without_sce,1
89076,OG90076,NA,1,1,1,without_sce,1
89361,OG90361,NA,1,1,1,without_sce,1
89456,OG90456,NA,1,1,1,without_sce,1
89501,OG90501,NA,1,1,1,without_sce,1
89517,OG90517,NA,1,1,1,without_sce,1
89615,OG90615,NA,1,1,1,without_sce,1
89630,OG90630,NA,1,1,1,without_sce,1
89751,OG90751,NA,1,1,1,without_sce,1
89944,OG90944,NA,1,1,1,without_sce,1
90038,OG91038,NA,1,1,1,without_sce,1
90091,OG91091,NA,1,1,1,without_sce,1
90171,OG91171,NA,1,1,1,without_sce,1
90257,OG91257,NA,1,1,1,without_sce,1
90265,OG91265,NA,1,1,1,without_sce,1
90385,OG91385,NA,1,1,1,without_sce,1
90398,OG91398,NA,1,1,1,without_sce,1
90404,OG91404,NA,1,1,1,without_sce,1
90537,OG91537,NA,1,1,1,without_sce,1
90850,OG91850,NA,1,1,1,without_sce,1
90880,OG91880,NA,1,1,1,without_sce,1
91071,OG92071,NA,1,1,1,without_sce,1
91219,OG92219,NA,1,1,1,without_sce,1
91239,OG92239,NA,1,1,1,without_sce,1
91360,OG92360,NA,1,1,1,without_sce,1
91380,OG92380,NA,1,1,1,without_sce,1
91410,OG92410,NA,1,1,1,without_sce,1
91486,OG92486,NA,1,1,1,without_sce,1
91671,OG92671,NA,1,1,1,without_sce,1
91717,OG92717,NA,1,1,1,without_sce,1
92044,OG93044,NA,1,1,1,without_sce,1
92077,OG93077,NA,1,1,1,without_sce,1
92336,OG93336,NA,1,1,1,without_sce,1
92345,OG93345,NA,1,1,1,without_sce,1
92378,OG93378,NA,1,1,1,without_sce,1
92441,OG93441,NA,1,1,1,without_sce,1
92459,OG93459,NA,1,1,1,without_sce,1
92544,OG93544,NA,1,1,1,without_sce,1
92606,OG93606,NA,1,1,1,without_sce,1
92833,OG93833,NA,1,1,1,without_sce,1
92836,OG93836,NA,1,1,1,without_sce,1
92919,OG93919,NA,1,1,1,without_sce,1
93005,OG94005,NA,1,1,1,without_sce,1
93020,OG94020,NA,1,1,1,without_sce,1
93059,OG94059,NA,1,1,1,without_sce,1
93173,OG94173,NA,1,1,1,without_sce,1
93227,OG94227,NA,1,1,1,without_sce,1
93290,OG94290,NA,1,1,1,without_sce,1
93293,OG94293,NA,1,1,1,without_sce,1
93410,OG94410,NA,1,1,1,without_sce,1
93592,OG94592,NA,1,1,1,without_sce,1
93627,OG94627,NA,1,1,1,without_sce,1
93839,OG94839,NA,1,1,1,without_sce,1
93941,OG94941,NA,1,1,1,without_sce,1
93993,OG94993,NA,1,1,1,without_sce,1
94379,OG95379,NA,1,1,1,without_sce,1
94507,OG95507,NA,1,1,1,without_sce,1
94521,OG95521,NA,1,1,1,without_sce,1
94537,OG95537,NA,1,1,1,without_sce,1
94582,OG95582,NA,1,1,1,without_sce,1
94826,OG95826,NA,1,1,1,without_sce,1
94888,OG95888,NA,1,1,1,without_sce,1
95143,OG96143,NA,1,1,1,without_sce,1
95235,OG96235,NA,1,1,1,without_sce,1
95355,OG96355,NA,1,1,1,without_sce,1
95364,OG96364,NA,1,1,1,without_sce,1
95588,OG96588,NA,1,1,1,without_sce,1
95600,OG96600,NA,1,1,1,without_sce,1
95654,OG96654,NA,1,1,1,without_sce,1
95793,OG96793,NA,1,1,1,without_sce,1
95829,OG96829,NA,1,1,1,without_sce,1
95952,OG96952,NA,1,1,1,without_sce,1
96160,OG97160,NA,1,1,1,without_sce,1
96194,OG97194,NA,1,1,1,without_sce,1
96656,OG97656,NA,1,1,1,without_sce,1
96733,OG97733,NA,1,1,1,without_sce,1
96826,OG97826,NA,1,1,1,without_sce,1
96870,OG97870,NA,1,1,1,without_sce,1
96958,OG97958,NA,1,1,1,without_sce,1
96989,OG97989,NA,1,1,1,without_sce,1
96997,OG97997,NA,1,1,1,without_sce,1
97012,OG98012,NA,1,1,1,without_sce,1
97077,OG98077,NA,1,1,1,without_sce,1
97211,OG98211,NA,1,1,1,without_sce,1
97241,OG98241,NA,1,1,1,without_sce,1
97280,OG98280,NA,1,1,1,without_sce,1
97401,OG98401,NA,1,1,1,without_sce,1
97449,OG98449,NA,1,1,1,without_sce,1
97505,OG98505,NA,1,1,1,without_sce,1
97678,OG98678,NA,1,1,1,without_sce,1
97686,OG98686,NA,1,1,1,without_sce,1
97720,OG98720,NA,1,1,1,without_sce,1
97743,OG98743,NA,1,1,1,without_sce,1
97780,OG98780,NA,1,1,1,without_sce,1
97794,OG98794,NA,1,1,1,without_sce,1
97823,OG98823,NA,1,1,1,without_sce,1
98004,OG99004,NA,1,1,1,without_sce,1
98154,OG99154,NA,1,1,1,without_sce,1
98161,OG99161,NA,1,1,1,without_sce,1
98190,OG99190,NA,1,1,1,without_sce,1
98267,OG99267,NA,1,1,1,without_sce,1
98378,OG99378,NA,1,1,1,without_sce,1
98532,OG99532,NA,1,1,1,without_sce,1
99035,OG100035,NA,1,1,1,without_sce,1
99058,OG100058,NA,1,1,1,without_sce,1
99061,OG100061,NA,1,1,1,without_sce,1
99190,OG100190,NA,1,1,1,without_sce,1
99328,OG100328,NA,1,1,1,without_sce,1
99712,OG100712,NA,1,1,1,without_sce,1
99751,OG100751,NA,1,1,1,without_sce,1
100067,OG101067,NA,1,1,1,without_sce,1
100156,OG101156,NA,1,1,1,without_sce,1
100460,OG101460,NA,1,1,1,without_sce,1
100553,OG101553,NA,1,1,1,without_sce,1
100582,OG101582,NA,1,1,1,without_sce,1
100597,OG101597,NA,1,1,1,without_sce,1
100647,OG101647,NA,1,1,1,without_sce,1
100653,OG101653,NA,1,1,1,without_sce,1
100690,OG101690,NA,1,1,1,without_sce,1
100792,OG101792,NA,1,1,1,without_sce,1
100801,OG101801,NA,1,1,1,without_sce,1
100924,OG101924,NA,1,1,1,without_sce,1
100993,OG101993,NA,1,1,1,without_sce,1
101113,OG102113,NA,1,1,1,without_sce,1
101307,OG102307,NA,1,1,1,without_sce,1
101369,OG102369,NA,1,1,1,without_sce,1
101468,OG102468,NA,1,1,1,without_sce,1
101474,OG102474,NA,1,1,1,without_sce,1
101510,OG102510,NA,1,1,1,without_sce,1
101534,OG102534,NA,1,1,1,without_sce,1
101785,OG102785,NA,1,1,1,without_sce,1
101822,OG102822,NA,1,1,1,without_sce,1
101900,OG102900,NA,1,1,1,without_sce,1
102037,OG103037,NA,1,1,1,without_sce,1
102108,OG103108,NA,1,1,1,without_sce,1
102192,OG103192,NA,1,1,1,without_sce,1
102206,OG103206,NA,1,1,1,without_sce,1
102318,OG103318,NA,1,1,1,without_sce,1
102568,OG103568,NA,1,1,1,without_sce,1
102597,OG103597,NA,1,1,1,without_sce,1
102618,OG103618,NA,1,1,1,without_sce,1
102700,OG103700,NA,1,1,1,without_sce,1
102759,OG103759,NA,1,1,1,without_sce,1
102775,OG103775,NA,1,1,1,without_sce,1
102782,OG103782,NA,1,1,1,without_sce,1
102805,OG103805,NA,1,1,1,without_sce,1
102826,OG103826,NA,1,1,1,without_sce,1
102899,OG103899,NA,1,1,1,without_sce,1
102905,OG103905,NA,1,1,1,without_sce,1
103006,OG104006,NA,1,1,1,without_sce,1
103011,OG104011,NA,1,1,1,without_sce,1
103098,OG104098,NA,1,1,1,without_sce,1
103121,OG104121,NA,1,1,1,without_sce,1
103134,OG104134,NA,1,1,1,without_sce,1
103274,OG104274,NA,1,1,1,without_sce,1
103309,OG104309,NA,1,1,1,without_sce,1
103322,OG104322,NA,1,1,1,without_sce,1
103458,OG104458,NA,1,1,1,without_sce,1
103701,OG104701,NA,1,1,1,without_sce,1
103725,OG104725,NA,1,1,1,without_sce,1
103962,OG104962,NA,1,1,1,without_sce,1
103964,OG104964,NA,1,1,1,without_sce,1
104091,OG105091,NA,1,1,1,without_sce,1
104183,OG105183,NA,1,1,1,without_sce,1
104223,OG105223,NA,1,1,1,without_sce,1
104255,OG105255,NA,1,1,1,without_sce,1
104322,OG105322,NA,1,1,1,without_sce,1
104369,OG105369,NA,1,1,1,without_sce,1
104418,OG105418,NA,1,1,1,without_sce,1
104427,OG105427,NA,1,1,1,without_sce,1
104448,OG105448,NA,1,1,1,without_sce,1
104678,OG105678,NA,1,1,1,without_sce,1
104692,OG105692,NA,1,1,1,without_sce,1
104731,OG105731,NA,1,1,1,without_sce,1
104852,OG105852,NA,1,1,1,without_sce,1
104904,OG105904,NA,1,1,1,without_sce,1
104978,OG105978,NA,1,1,1,without_sce,1
104988,OG105988,NA,1,1,1,without_sce,1
105253,OG106253,NA,1,1,1,without_sce,1
105298,OG106298,NA,1,1,1,without_sce,1
105382,OG106382,NA,1,1,1,without_sce,1
105462,OG106462,NA,1,1,1,without_sce,1
105474,OG106474,NA,1,1,1,without_sce,1
105582,OG106582,NA,1,1,1,without_sce,1
105597,OG106597,NA,1,1,1,without_sce,1
105649,OG106649,NA,1,1,1,without_sce,1
105656,OG106656,NA,1,1,1,without_sce,1
105761,OG106761,NA,1,1,1,without_sce,1
105792,OG106792,NA,1,1,1,without_sce,1
105856,OG106856,NA,1,1,1,without_sce,1
105905,OG106905,NA,1,1,1,without_sce,1
105981,OG106981,NA,1,1,1,without_sce,1
106011,OG107011,NA,1,1,1,without_sce,1
106023,OG107023,NA,1,1,1,without_sce,1
106117,OG107117,NA,1,1,1,without_sce,1
106153,OG107153,NA,1,1,1,without_sce,1
106169,OG107169,NA,1,1,1,without_sce,1
106303,OG107303,NA,1,1,1,without_sce,1
106543,OG107543,NA,1,1,1,without_sce,1
106634,OG107634,NA,1,1,1,without_sce,1
106839,OG107839,NA,1,1,1,without_sce,1
106891,OG107891,NA,1,1,1,without_sce,1
107040,OG108040,NA,1,1,1,without_sce,1
107082,OG108082,NA,1,1,1,without_sce,1
107200,OG108200,NA,1,1,1,without_sce,1
107325,OG108325,NA,1,1,1,without_sce,1
107341,OG108341,NA,1,1,1,without_sce,1
107457,OG108457,NA,1,1,1,without_sce,1
107483,OG108483,NA,1,1,1,without_sce,1
107610,OG108610,NA,1,1,1,without_sce,1
107742,OG108742,NA,1,1,1,without_sce,1
107871,OG108871,NA,1,1,1,without_sce,1
107912,OG108912,NA,1,1,1,without_sce,1
107976,OG108976,NA,1,1,1,without_sce,1
108117,OG109117,NA,1,1,1,without_sce,1
108138,OG109138,NA,1,1,1,without_sce,1
108229,OG109229,NA,1,1,1,without_sce,1
108327,OG109327,NA,1,1,1,without_sce,1
108398,OG109398,NA,1,1,1,without_sce,1
108432,OG109432,NA,1,1,1,without_sce,1
108441,OG109441,NA,1,1,1,without_sce,1
108724,OG109724,NA,1,1,1,without_sce,1
108777,OG109777,NA,1,1,1,without_sce,1
108993,OG109993,NA,1,1,1,without_sce,1
109058,OG110058,NA,1,1,1,without_sce,1
109183,OG110183,NA,1,1,1,without_sce,1
109242,OG110242,NA,1,1,1,without_sce,1
109256,OG110256,NA,1,1,1,without_sce,1
109362,OG110362,NA,1,1,1,without_sce,1
109498,OG110498,NA,1,1,1,without_sce,1
109611,OG110611,NA,1,1,1,without_sce,1
109693,OG110693,NA,1,1,1,without_sce,1
109701,OG110701,NA,1,1,1,without_sce,1
109746,OG110746,NA,1,1,1,without_sce,1
109791,OG110791,NA,1,1,1,without_sce,1
109816,OG110816,NA,1,1,1,without_sce,1
109856,OG110856,NA,1,1,1,without_sce,1
109873,OG110873,NA,1,1,1,without_sce,1
110022,OG111022,NA,1,1,1,without_sce,1
110082,OG111082,NA,1,1,1,without_sce,1
110160,OG111160,NA,1,1,1,without_sce,1
110306,OG111306,NA,1,1,1,without_sce,1
110464,OG111464,NA,1,1,1,without_sce,1
110615,OG111615,NA,1,1,1,without_sce,1
110662,OG111662,NA,1,1,1,without_sce,1
110800,OG111800,NA,1,1,1,without_sce,1
110858,OG111858,NA,1,1,1,without_sce,1
110875,OG111875,NA,1,1,1,without_sce,1
110934,OG111934,NA,1,1,1,without_sce,1
110958,OG111958,NA,1,1,1,with_sce,1
111062,OG112062,NA,1,1,1,without_sce,1
111164,OG112164,NA,1,1,1,without_sce,1
111499,OG112499,NA,1,1,1,without_sce,1
111512,OG112512,NA,1,1,1,without_sce,1
111525,OG112525,NA,1,1,1,without_sce,1
111539,OG112539,NA,1,1,1,without_sce,1
111784,OG112784,NA,1,1,1,without_sce,1
111870,OG112870,NA,1,1,1,without_sce,1
111887,OG112887,NA,1,1,1,without_sce,1
112060,OG113060,NA,1,1,1,without_sce,1
112064,OG113064,NA,1,1,1,without_sce,1
112386,OG113386,NA,1,1,1,without_sce,1
112388,OG113388,NA,1,1,1,without_sce,1
112437,OG113437,NA,1,1,1,without_sce,1
112500,OG113500,NA,1,1,1,without_sce,1
112690,OG113690,NA,1,1,1,without_sce,1
113025,OG114025,NA,1,1,1,without_sce,1
113058,OG114058,NA,1,1,1,without_sce,1
113158,OG114158,NA,1,1,1,without_sce,1
113178,OG114178,NA,1,1,1,without_sce,1
113301,OG114301,NA,1,1,1,without_sce,1
113674,OG114674,NA,1,1,1,without_sce,1
114054,OG115054,NA,1,1,1,without_sce,1
114158,OG115158,NA,1,1,1,without_sce,1
114242,OG115242,NA,1,1,1,without_sce,1
114245,OG115245,NA,1,1,1,without_sce,1
114383,OG115383,NA,1,1,1,without_sce,1
114458,OG115458,NA,1,1,1,without_sce,1
114476,OG115476,NA,1,1,1,without_sce,1
114696,OG115696,NA,1,1,1,without_sce,1
114741,OG115741,NA,1,1,1,without_sce,1
114799,OG115799,NA,1,1,1,without_sce,1
114973,OG115973,NA,1,1,1,without_sce,1
115047,OG116047,NA,1,1,1,without_sce,1
115175,OG116175,NA,1,1,1,without_sce,1
115181,OG116181,NA,1,1,1,without_sce,1
115359,OG116359,NA,1,1,1,without_sce,1
115395,OG116395,NA,1,1,1,without_sce,1
115511,OG116511,NA,1,1,1,without_sce,1
115533,OG116533,NA,1,1,1,without_sce,1
115584,OG116584,NA,1,1,1,without_sce,1
115604,OG116604,NA,1,1,1,without_sce,1
115641,OG116641,NA,1,1,1,without_sce,1
115684,OG116684,NA,1,1,1,without_sce,1
115829,OG116829,NA,1,1,1,without_sce,1
115910,OG116910,NA,1,1,1,without_sce,1
116108,OG117108,NA,1,1,1,without_sce,1
116178,OG117178,NA,1,1,1,without_sce,1
116470,OG117470,NA,1,1,1,without_sce,1
116617,OG117617,NA,1,1,1,without_sce,1
116633,OG117633,NA,1,1,1,without_sce,1
116700,OG117700,NA,1,1,1,without_sce,1
116790,OG117790,NA,1,1,1,without_sce,1
116875,OG117875,NA,1,1,1,without_sce,1
116944,OG117944,NA,1,1,1,without_sce,1
116957,OG117957,NA,1,1,1,without_sce,1
117155,OG118155,NA,1,1,1,without_sce,1
117157,OG118157,NA,1,1,1,without_sce,1
117233,OG118233,NA,1,1,1,without_sce,1
117440,OG118440,NA,1,1,1,without_sce,1
117460,OG118460,NA,1,1,1,without_sce,1
117465,OG118465,NA,1,1,1,without_sce,1
117552,OG118552,NA,1,1,1,without_sce,1
117566,OG118566,NA,1,1,1,without_sce,1
117767,OG118767,NA,1,1,1,without_sce,1
117850,OG118850,NA,1,1,1,without_sce,1
117937,OG118937,NA,1,1,1,without_sce,1
117971,OG118971,NA,1,1,1,without_sce,1
118120,OG119120,NA,1,1,1,without_sce,1
118157,OG119157,NA,1,1,1,without_sce,1
118250,OG119250,NA,1,1,1,without_sce,1
118281,OG119281,NA,1,1,1,without_sce,1
118385,OG119385,NA,1,1,1,without_sce,1
118440,OG119440,NA,1,1,1,without_sce,1
118481,OG119481,NA,1,1,1,without_sce,1
118583,OG119583,NA,1,1,1,without_sce,1
118709,OG119709,NA,1,1,1,without_sce,1
118885,OG119885,NA,1,1,1,without_sce,1
118978,OG119978,NA,1,1,1,without_sce,1
119351,OG120351,NA,1,1,1,without_sce,1
119363,OG120363,NA,1,1,1,without_sce,1
119375,OG120375,NA,1,1,1,without_sce,1
119632,OG120632,NA,1,1,1,without_sce,1
119697,OG120697,NA,1,1,1,without_sce,1
119944,OG120944,NA,1,1,1,without_sce,1
120039,OG121039,NA,1,1,1,without_sce,1
120098,OG121098,NA,1,1,1,without_sce,1
120218,OG121218,NA,1,1,1,without_sce,1
120248,OG121248,NA,1,1,1,without_sce,1
120304,OG121304,NA,1,1,1,without_sce,1
120453,OG121453,NA,1,1,1,without_sce,1
120478,OG121478,NA,1,1,1,without_sce,1
120597,OG121597,NA,1,1,1,without_sce,1
120618,OG121618,NA,1,1,1,without_sce,1
120716,OG121716,NA,1,1,1,without_sce,1
120717,OG121717,NA,1,1,1,without_sce,1
120793,OG121793,NA,1,1,1,without_sce,1
120883,OG121883,NA,1,1,1,without_sce,1
120987,OG121987,NA,1,1,1,without_sce,1
121142,OG122142,NA,1,1,1,without_sce,1
121154,OG122154,NA,1,1,1,without_sce,1
121173,OG122173,NA,1,1,1,without_sce,1
121207,OG122207,NA,1,1,1,without_sce,1
121320,OG122320,NA,1,1,1,without_sce,1
121459,OG122459,NA,1,1,1,without_sce,1
121722,OG122722,NA,1,1,1,without_sce,1
121763,OG122763,NA,1,1,1,without_sce,1
121807,OG122807,NA,1,1,1,without_sce,1
122215,OG123215,NA,1,1,1,without_sce,1
122272,OG123272,NA,1,1,1,without_sce,1
122328,OG123328,NA,1,1,1,without_sce,1
122468,OG123468,NA,1,1,1,without_sce,1
122477,OG123477,NA,1,1,1,without_sce,1
122547,OG123547,NA,1,1,1,without_sce,1
122560,OG123560,NA,1,1,1,without_sce,1
122888,OG123888,NA,1,1,1,without_sce,1
122934,OG123934,NA,1,1,1,without_sce,1
123038,OG124038,NA,1,1,1,without_sce,1
123160,OG124160,NA,1,1,1,without_sce,1
123175,OG124175,NA,1,1,1,without_sce,1
123203,OG124203,NA,1,1,1,without_sce,1
123233,OG124233,NA,1,1,1,without_sce,1
123274,OG124274,NA,1,1,1,without_sce,1
123316,OG124316,NA,1,1,1,without_sce,1
123378,OG124378,NA,1,1,1,without_sce,1
123450,OG124450,NA,1,1,1,without_sce,1
123486,OG124486,NA,1,1,1,without_sce,1
123489,OG124489,NA,1,1,1,without_sce,1
123499,OG124499,NA,1,1,1,without_sce,1
123607,OG124607,NA,1,1,1,without_sce,1
123952,OG124952,NA,1,1,1,without_sce,1
123974,OG124974,NA,1,1,1,without_sce,1
124047,OG125047,NA,1,1,1,without_sce,1
124057,OG125057,NA,1,1,1,without_sce,1
124121,OG125121,NA,1,1,1,without_sce,1
124133,OG125133,NA,1,1,1,without_sce,1
124136,OG125136,NA,1,1,1,without_sce,1
124213,OG125213,NA,1,1,1,without_sce,1
124400,OG125400,NA,1,1,1,without_sce,1
124429,OG125429,NA,1,1,1,without_sce,1
124567,OG125567,NA,1,1,1,without_sce,1
124601,OG125601,NA,1,1,1,without_sce,1
124669,OG125669,NA,1,1,1,without_sce,1
124743,OG125743,NA,1,1,1,without_sce,1
124745,OG125745,NA,1,1,1,without_sce,1
124771,OG125771,NA,1,1,1,without_sce,1
124917,OG125917,NA,1,1,1,without_sce,1
125141,OG126141,NA,1,1,1,without_sce,1
125204,OG126204,NA,1,1,1,without_sce,1
125205,OG126205,NA,1,1,1,without_sce,1
125306,OG126306,NA,1,1,1,without_sce,1
125351,OG126351,NA,1,1,1,without_sce,1
125369,OG126369,NA,1,1,1,without_sce,1
125384,OG126384,NA,1,1,1,without_sce,1
125390,OG126390,NA,1,1,1,without_sce,1
125430,OG126430,NA,1,1,1,without_sce,1
125599,OG126599,NA,1,1,1,without_sce,1
125719,OG126719,NA,1,1,1,without_sce,1
125734,OG126734,NA,1,1,1,without_sce,1
125811,OG126811,NA,1,1,1,without_sce,1
125844,OG126844,NA,1,1,1,without_sce,1
125955,OG126955,NA,1,1,1,without_sce,1
125966,OG126966,NA,1,1,1,without_sce,1
126254,OG127254,NA,1,1,1,without_sce,1
126288,OG127288,NA,1,1,1,without_sce,1
126363,OG127363,NA,1,1,1,without_sce,1
126435,OG127435,NA,1,1,1,without_sce,1
126560,OG127560,NA,1,1,1,without_sce,1
126623,OG127623,NA,1,1,1,without_sce,1
126662,OG127662,NA,1,1,1,without_sce,1
126684,OG127684,NA,1,1,1,without_sce,1
126981,OG127981,NA,1,1,1,without_sce,1
127316,OG128316,NA,1,1,1,without_sce,1
127320,OG128320,NA,1,1,1,without_sce,1
127329,OG128329,NA,1,1,1,without_sce,1
127420,OG128420,NA,1,1,1,without_sce,1
127448,OG128448,NA,1,1,1,without_sce,1
127495,OG128495,NA,1,1,1,without_sce,1
127574,OG128574,NA,1,1,1,without_sce,1
127595,OG128595,NA,1,1,1,without_sce,1
127596,OG128596,NA,1,1,1,without_sce,1
127636,OG128636,NA,1,1,1,without_sce,1
127702,OG128702,NA,1,1,1,without_sce,1
127802,OG128802,NA,1,1,1,without_sce,1
127859,OG128859,NA,1,1,1,without_sce,1
127874,OG128874,NA,1,1,1,without_sce,1
127884,OG128884,NA,1,1,1,without_sce,1
127969,OG128969,NA,1,1,1,without_sce,1
128015,OG129015,NA,1,1,1,without_sce,1
128092,OG129092,NA,1,1,1,without_sce,1
128358,OG129358,NA,1,1,1,without_sce,1
128385,OG129385,NA,1,1,1,without_sce,1
128389,OG129389,NA,1,1,1,without_sce,1
128466,OG129466,NA,1,1,1,without_sce,1
128524,OG129524,NA,1,1,1,without_sce,1
128708,OG129708,NA,1,1,1,without_sce,1
128724,OG129724,NA,1,1,1,without_sce,1
128795,OG129795,NA,1,1,1,without_sce,1
128860,OG129860,NA,1,1,1,without_sce,1
128861,OG129861,NA,1,1,1,without_sce,1
128874,OG129874,NA,1,1,1,without_sce,1
129022,OG130022,NA,1,1,1,without_sce,1
129060,OG130060,NA,1,1,1,without_sce,1
129140,OG130140,NA,1,1,1,without_sce,1
129272,OG130272,NA,1,1,1,without_sce,1
129335,OG130335,NA,1,1,1,without_sce,1
129508,OG130508,NA,1,1,1,without_sce,1
129613,OG130613,NA,1,1,1,without_sce,1
129687,OG130687,NA,1,1,1,without_sce,1
129706,OG130706,NA,1,1,1,without_sce,1
129833,OG130833,NA,1,1,1,without_sce,1
129886,OG130886,NA,1,1,1,without_sce,1
130075,OG131075,NA,1,1,1,without_sce,1
130219,OG131219,NA,1,1,1,without_sce,1
130257,OG131257,NA,1,1,1,without_sce,1
130386,OG131386,NA,1,1,1,without_sce,1
130405,OG131405,NA,1,1,1,without_sce,1
130731,OG131731,NA,1,1,1,without_sce,1
130751,OG131751,NA,1,1,1,without_sce,1
130887,OG131887,NA,1,1,1,without_sce,1
130901,OG131901,NA,1,1,1,without_sce,1
130979,OG131979,NA,1,1,1,without_sce,1
131064,OG132064,NA,1,1,1,without_sce,1
131104,OG132104,NA,1,1,1,without_sce,1
131359,OG132359,NA,1,1,1,without_sce,1
131498,OG132498,NA,1,1,1,without_sce,1
131516,OG132516,NA,1,1,1,without_sce,1
131612,OG132612,NA,1,1,1,without_sce,1
131697,OG132697,NA,1,1,1,without_sce,1
131721,OG132721,NA,1,1,1,without_sce,1
131799,OG132799,NA,1,1,1,without_sce,1
131806,OG132806,NA,1,1,1,without_sce,1
131847,OG132847,NA,1,1,1,without_sce,1
131878,OG132878,NA,1,1,1,without_sce,1
131883,OG132883,NA,1,1,1,without_sce,1
131914,OG132914,NA,1,1,1,without_sce,1
131977,OG132977,NA,1,1,1,without_sce,1
131989,OG132989,NA,1,1,1,without_sce,1
131995,OG132995,NA,1,1,1,without_sce,1
132029,OG133029,NA,1,1,1,without_sce,1
132039,OG133039,NA,1,1,1,without_sce,1
132236,OG133236,NA,1,1,1,without_sce,1
132279,OG133279,NA,1,1,1,without_sce,1
132337,OG133337,NA,1,1,1,without_sce,1
132396,OG133396,NA,1,1,1,without_sce,1
132410,OG133410,NA,1,1,1,without_sce,1
132707,OG133707,NA,1,1,1,without_sce,1
132709,OG133709,NA,1,1,1,without_sce,1
132722,OG133722,NA,1,1,1,without_sce,1
132901,OG133901,NA,1,1,1,without_sce,1
133016,OG134016,NA,1,1,1,without_sce,1
133026,OG134026,NA,1,1,1,without_sce,1
133112,OG134112,NA,1,1,1,without_sce,1
133271,OG134271,NA,1,1,1,without_sce,1
133442,OG134442,NA,1,1,1,without_sce,1
133449,OG134449,NA,1,1,1,without_sce,1
133453,OG134453,NA,1,1,1,without_sce,1
133584,OG134584,NA,1,1,1,without_sce,1
133598,OG134598,NA,1,1,1,without_sce,1
133644,OG134644,NA,1,1,1,without_sce,1
133748,OG134748,NA,1,1,1,without_sce,1
133792,OG134792,NA,1,1,1,without_sce,1
134061,OG135061,NA,1,1,1,without_sce,1
134080,OG135080,NA,1,1,1,without_sce,1
134127,OG135127,NA,1,1,1,without_sce,1
134163,OG135163,NA,1,1,1,without_sce,1
134269,OG135269,NA,1,1,1,without_sce,1
134401,OG135401,NA,1,1,1,without_sce,1
134417,OG135417,NA,1,1,1,without_sce,1
134501,OG135501,NA,1,1,1,without_sce,1
134630,OG135630,NA,1,1,1,without_sce,1
134667,OG135667,NA,1,1,1,without_sce,1
134746,OG135746,NA,1,1,1,without_sce,1
134901,OG135901,NA,1,1,1,without_sce,1
134919,OG135919,NA,1,1,1,without_sce,1
134997,OG135997,NA,1,1,1,without_sce,1
135099,OG136099,NA,1,1,1,without_sce,1
135101,OG136101,NA,1,1,1,without_sce,1
135122,OG136122,NA,1,1,1,without_sce,1
135146,OG136146,NA,1,1,1,without_sce,1
135219,OG136219,NA,1,1,1,without_sce,1
135342,OG136342,NA,1,1,1,without_sce,1
135378,OG136378,NA,1,1,1,without_sce,1
135667,OG136667,NA,1,1,1,without_sce,1
135852,OG136852,NA,1,1,1,without_sce,1
135855,OG136855,NA,1,1,1,without_sce,1
135947,OG136947,NA,1,1,1,without_sce,1
135998,OG136998,NA,1,1,1,without_sce,1
136118,OG137118,NA,1,1,1,without_sce,1
136132,OG137132,NA,1,1,1,without_sce,1
136234,OG137234,NA,1,1,1,without_sce,1
136440,OG137440,NA,1,1,1,without_sce,1
136658,OG137658,NA,1,1,1,without_sce,1
136729,OG137729,NA,1,1,1,without_sce,1
136735,OG137735,NA,1,1,1,without_sce,1
136765,OG137765,NA,1,1,1,without_sce,1
136883,OG137883,NA,1,1,1,without_sce,1
136935,OG137935,NA,1,1,1,without_sce,1
136961,OG137961,NA,1,1,1,without_sce,1
136965,OG137965,NA,1,1,1,without_sce,1
136982,OG137982,NA,1,1,1,without_sce,1
137028,OG138028,NA,1,1,1,without_sce,1
137155,OG138155,NA,1,1,1,without_sce,1
137194,OG138194,NA,1,1,1,without_sce,1
137224,OG138224,NA,1,1,1,without_sce,1
137375,OG138375,NA,1,1,1,without_sce,1
137383,OG138383,NA,1,1,1,without_sce,1
137475,OG138475,NA,1,1,1,without_sce,1
137557,OG138557,NA,1,1,1,without_sce,1
137583,OG138583,NA,1,1,1,without_sce,1
137631,OG138631,NA,1,1,1,without_sce,1
137665,OG138665,NA,1,1,1,without_sce,1
137705,OG138705,NA,1,1,1,without_sce,1
137726,OG138726,NA,1,1,1,without_sce,1
137990,OG138990,NA,1,1,1,without_sce,1
138096,OG139096,NA,1,1,1,without_sce,1
138208,OG139208,NA,1,1,1,without_sce,1
138240,OG139240,NA,1,1,1,without_sce,1
138399,OG139399,NA,1,1,1,without_sce,1
138417,OG139417,NA,1,1,1,without_sce,1
138529,OG139529,NA,1,1,1,without_sce,1
138574,OG139574,NA,1,1,1,without_sce,1
138719,OG139719,NA,1,1,1,without_sce,1
138734,OG139734,NA,1,1,1,without_sce,1
138755,OG139755,NA,1,1,1,without_sce,1
138768,OG139768,NA,1,1,1,without_sce,1
138817,OG139817,NA,1,1,1,without_sce,1
138847,OG139847,NA,1,1,1,without_sce,1
138868,OG139868,NA,1,1,1,without_sce,1
138924,OG139924,NA,1,1,1,without_sce,1
139179,OG140179,NA,1,1,1,without_sce,1
139266,OG140266,NA,1,1,1,without_sce,1
139307,OG140307,NA,1,1,1,with_sce,1
139340,OG140340,NA,1,1,1,without_sce,1
139425,OG140425,NA,1,1,1,without_sce,1
139522,OG140522,NA,1,1,1,without_sce,1
139566,OG140566,NA,1,1,1,without_sce,1
139594,OG140594,NA,1,1,1,without_sce,1
139664,OG140664,NA,1,1,1,without_sce,1
139704,OG140704,NA,1,1,1,without_sce,1
139708,OG140708,NA,1,1,1,without_sce,1
139709,OG140709,NA,1,1,1,without_sce,1
139729,OG140729,NA,1,1,1,without_sce,1
139744,OG140744,NA,1,1,1,without_sce,1
139766,OG140766,NA,1,1,1,without_sce,1
139845,OG140845,NA,1,1,1,without_sce,1
139848,OG140848,NA,1,1,1,without_sce,1
139936,OG140936,NA,1,1,1,without_sce,1
140174,OG141174,NA,1,1,1,without_sce,1
140235,OG141235,NA,1,1,1,without_sce,1
140456,OG141456,NA,1,1,1,without_sce,1
140553,OG141553,NA,1,1,1,without_sce,1
140662,OG141662,NA,1,1,1,without_sce,1
140675,OG141675,NA,1,1,1,without_sce,1
140741,OG141741,NA,1,1,1,without_sce,1
140742,OG141742,NA,1,1,1,without_sce,1
140771,OG141771,NA,1,1,1,without_sce,1
140965,OG141965,NA,1,1,1,without_sce,1
141044,OG142044,NA,1,1,1,without_sce,1
141059,OG142059,NA,1,1,1,without_sce,1
141246,OG142246,NA,1,1,1,without_sce,1
141358,OG142358,NA,1,1,1,without_sce,1
141387,OG142387,NA,1,1,1,without_sce,1
141409,OG142409,NA,1,1,1,without_sce,1
141528,OG142528,NA,1,1,1,without_sce,1
141666,OG142666,NA,1,1,1,without_sce,1
141702,OG142702,NA,1,1,1,without_sce,1
141901,OG142901,NA,1,1,1,without_sce,1
141909,OG142909,NA,1,1,1,without_sce,1
142132,OG143132,NA,1,1,1,without_sce,1
142326,OG143326,NA,1,1,1,without_sce,1
142478,OG143478,NA,1,1,1,without_sce,1
142494,OG143494,NA,1,1,1,without_sce,1
142536,OG143536,NA,1,1,1,without_sce,1
142696,OG143696,NA,1,1,1,without_sce,1
142759,OG143759,NA,1,1,1,without_sce,1
142921,OG143921,NA,1,1,1,without_sce,1
143103,OG144103,NA,1,1,1,without_sce,1
143215,OG144215,NA,1,1,1,without_sce,1
143392,OG144392,NA,1,1,1,without_sce,1
143412,OG144412,NA,1,1,1,without_sce,1
143524,OG144524,NA,1,1,1,without_sce,1
143568,OG144568,NA,1,1,1,without_sce,1
143605,OG144605,NA,1,1,1,without_sce,1
143623,OG144623,NA,1,1,1,without_sce,1
143981,OG144981,NA,1,1,1,without_sce,1
144357,OG145357,NA,1,1,1,without_sce,1
144379,OG145379,NA,1,1,1,without_sce,1
144380,OG145380,NA,1,1,1,without_sce,1
144433,OG145433,NA,1,1,1,without_sce,1
144513,OG145513,NA,1,1,1,without_sce,1
144655,OG145655,NA,1,1,1,without_sce,1
144883,OG145883,NA,1,1,1,without_sce,1
145087,OG146087,NA,1,1,1,without_sce,1
145101,OG146101,NA,1,1,1,without_sce,1
145216,OG146216,NA,1,1,1,without_sce,1
145409,OG146409,NA,1,1,1,without_sce,1
145563,OG146563,NA,1,1,1,without_sce,1
145608,OG146608,NA,1,1,1,without_sce,1
145665,OG146665,NA,1,1,1,without_sce,1
145783,OG146783,NA,1,1,1,without_sce,1
145831,OG146831,NA,1,1,1,without_sce,1
145832,OG146832,NA,1,1,1,without_sce,1
145908,OG146908,NA,1,1,1,without_sce,1
146070,OG147070,NA,1,1,1,without_sce,1
146092,OG147092,NA,1,1,1,without_sce,1
146180,OG147180,NA,1,1,1,without_sce,1
146204,OG147204,NA,1,1,1,without_sce,1
146292,OG147292,NA,1,1,1,without_sce,1
146369,OG147369,NA,1,1,1,without_sce,1
146381,OG147381,NA,1,1,1,without_sce,1
146389,OG147389,NA,1,1,1,without_sce,1
146561,OG147561,NA,1,1,1,without_sce,1
146601,OG147601,NA,1,1,1,without_sce,1
146617,OG147617,NA,1,1,1,without_sce,1
146639,OG147639,NA,1,1,1,without_sce,1
146669,OG147669,NA,1,1,1,without_sce,1
146710,OG147710,NA,1,1,1,without_sce,1
146786,OG147786,NA,1,1,1,without_sce,1
146841,OG147841,NA,1,1,1,without_sce,1
146899,OG147899,NA,1,1,1,without_sce,1
147046,OG148046,NA,1,1,1,without_sce,1
147147,OG148147,NA,1,1,1,without_sce,1
147381,OG148381,NA,1,1,1,without_sce,1
147421,OG148421,NA,1,1,1,without_sce,1
147521,OG148521,NA,1,1,1,without_sce,1
147712,OG148712,NA,1,1,1,without_sce,1
147762,OG148762,NA,1,1,1,without_sce,1
147812,OG148812,NA,1,1,1,without_sce,1
147965,OG148965,NA,1,1,1,without_sce,1
147978,OG148978,NA,1,1,1,without_sce,1
148302,OG149302,NA,1,1,1,without_sce,1
148316,OG149316,NA,1,1,1,without_sce,1
148327,OG149327,NA,1,1,1,without_sce,1
148417,OG149417,NA,1,1,1,without_sce,1
148518,OG149518,NA,1,1,1,without_sce,1
148567,OG149567,NA,1,1,1,without_sce,1
148729,OG149729,NA,1,1,1,without_sce,1
148838,OG149838,NA,1,1,1,without_sce,1
148965,OG149965,NA,1,1,1,without_sce,1
149284,OG150284,NA,1,1,1,without_sce,1
149351,OG150351,NA,1,1,1,without_sce,1
149388,OG150388,NA,1,1,1,without_sce,1
149396,OG150396,NA,1,1,1,without_sce,1
149415,OG150415,NA,1,1,1,without_sce,1
149416,OG150416,NA,1,1,1,without_sce,1
149474,OG150474,NA,1,1,1,without_sce,1
149479,OG150479,NA,1,1,1,without_sce,1
149533,OG150533,NA,1,1,1,without_sce,1
149635,OG150635,NA,1,1,1,without_sce,1
149869,OG150869,NA,1,1,1,without_sce,1
149980,OG150980,NA,1,1,1,without_sce,1
150081,OG151081,NA,1,1,1,without_sce,1
150170,OG151170,NA,1,1,1,without_sce,1
150285,OG151285,NA,1,1,1,without_sce,1
150295,OG151295,NA,1,1,1,without_sce,1
150349,OG151349,NA,1,1,1,without_sce,1
150360,OG151360,NA,1,1,1,without_sce,1
150542,OG151542,NA,1,1,1,without_sce,1
150601,OG151601,NA,1,1,1,without_sce,1
150612,OG151612,NA,1,1,1,without_sce,1
150702,OG151702,NA,1,1,1,without_sce,1
150738,OG151738,NA,1,1,1,without_sce,1
150782,OG151782,NA,1,1,1,without_sce,1
150859,OG151859,NA,1,1,1,without_sce,1
150919,OG151919,NA,1,1,1,without_sce,1
151020,OG152020,NA,1,1,1,without_sce,1
151070,OG152070,NA,1,1,1,without_sce,1
151144,OG152144,NA,1,1,1,without_sce,1
151192,OG152192,NA,1,1,1,without_sce,1
151234,OG152234,NA,1,1,1,without_sce,1
151366,OG152366,NA,1,1,1,without_sce,1
151679,OG152679,NA,1,1,1,without_sce,1
151752,OG152752,NA,1,1,1,without_sce,1
151811,OG152811,NA,1,1,1,without_sce,1
151850,OG152850,NA,1,1,1,without_sce,1
151892,OG152892,NA,1,1,1,without_sce,1
151922,OG152922,NA,1,1,1,without_sce,1
152218,OG153218,NA,1,1,1,without_sce,1
152270,OG153270,NA,1,1,1,without_sce,1
152385,OG153385,NA,1,1,1,without_sce,1
152395,OG153395,NA,1,1,1,without_sce,1
152486,OG153486,NA,1,1,1,without_sce,1
152496,OG153496,NA,1,1,1,without_sce,1
152551,OG153551,NA,1,1,1,without_sce,1
152589,OG153589,NA,1,1,1,without_sce,1
152621,OG153621,NA,1,1,1,without_sce,1
152890,OG153890,NA,1,1,1,without_sce,1
153039,OG154039,NA,1,1,1,without_sce,1
153051,OG154051,NA,1,1,1,without_sce,1
153595,OG154595,NA,1,1,1,without_sce,1
153662,OG154662,NA,1,1,1,without_sce,1
153690,OG154690,NA,1,1,1,without_sce,1
153745,OG154745,NA,1,1,1,without_sce,1
153769,OG154769,NA,1,1,1,without_sce,1
153851,OG154851,NA,1,1,1,without_sce,1
153966,OG154966,NA,1,1,1,without_sce,1
154082,OG155082,NA,1,1,1,without_sce,1
154181,OG155181,NA,1,1,1,without_sce,1
154191,OG155191,NA,1,1,1,without_sce,1
154302,OG155302,NA,1,1,1,without_sce,1
154720,OG155720,NA,1,1,1,without_sce,1
154729,OG155729,NA,1,1,1,without_sce,1
154801,OG155801,NA,1,1,1,without_sce,1
155094,OG156094,NA,1,1,1,without_sce,1
155257,OG156257,NA,1,1,1,without_sce,1
155376,OG156376,NA,1,1,1,without_sce,1
155487,OG156487,NA,1,1,1,without_sce,1
155689,OG156689,NA,1,1,1,without_sce,1
155703,OG156703,NA,1,1,1,without_sce,1
155816,OG156816,NA,1,1,1,without_sce,1
155939,OG156939,NA,1,1,1,without_sce,1
156004,OG157004,NA,1,1,1,without_sce,1
156030,OG157030,NA,1,1,1,without_sce,1
156096,OG157096,NA,1,1,1,without_sce,1
156127,OG157127,NA,1,1,1,without_sce,1
156261,OG157261,NA,1,1,1,without_sce,1
156320,OG157320,NA,1,1,1,without_sce,1
156487,OG157487,NA,1,1,1,without_sce,1
156611,OG157611,NA,1,1,1,without_sce,1
156675,OG157675,NA,1,1,1,without_sce,1
156775,OG157775,NA,1,1,1,with_sce,1
156778,OG157778,NA,1,1,1,without_sce,1
156819,OG157819,NA,1,1,1,without_sce,1
156959,OG157959,NA,1,1,1,without_sce,1
156964,OG157964,NA,1,1,1,without_sce,1
157020,OG158020,NA,1,1,1,without_sce,1
157034,OG158034,NA,1,1,1,without_sce,1
157038,OG158038,NA,1,1,1,without_sce,1
157131,OG158131,NA,1,1,1,without_sce,1
157260,OG158260,NA,1,1,1,without_sce,1
157418,OG158418,NA,1,1,1,without_sce,1
157517,OG158517,NA,1,1,1,without_sce,1
157518,OG158518,NA,1,1,1,without_sce,1
157696,OG158696,NA,1,1,1,without_sce,1
157748,OG158748,NA,1,1,1,without_sce,1
157939,OG158939,NA,1,1,1,without_sce,1
158049,OG159049,NA,1,1,1,without_sce,1
158100,OG159100,NA,1,1,1,without_sce,1
158216,OG159216,NA,1,1,1,without_sce,1
158236,OG159236,NA,1,1,1,without_sce,1
158275,OG159275,NA,1,1,1,without_sce,1
158365,OG159365,NA,1,1,1,without_sce,1
158367,OG159367,NA,1,1,1,without_sce,1
158435,OG159435,NA,1,1,1,without_sce,1
158442,OG159442,NA,1,1,1,without_sce,1
158446,OG159446,NA,1,1,1,without_sce,1
158447,OG159447,NA,1,1,1,without_sce,1
158692,OG159692,NA,1,1,1,without_sce,1
158798,OG159798,NA,1,1,1,without_sce,1
159082,OG160082,NA,1,1,1,without_sce,1
159174,OG160174,NA,1,1,1,without_sce,1
159200,OG160200,NA,1,1,1,without_sce,1
159289,OG160289,NA,1,1,1,without_sce,1
159311,OG160311,NA,1,1,1,without_sce,1
159433,OG160433,NA,1,1,1,without_sce,1
159463,OG160463,NA,1,1,1,without_sce,1
159731,OG160731,NA,1,1,1,without_sce,1
159739,OG160739,NA,1,1,1,without_sce,1
159934,OG160934,NA,1,1,1,without_sce,1
159998,OG160998,NA,1,1,1,without_sce,1
160240,OG161240,NA,1,1,1,without_sce,1
160369,OG161369,NA,1,1,1,without_sce,1
160383,OG161383,NA,1,1,1,without_sce,1
160547,OG161547,NA,1,1,1,without_sce,1
160590,OG161590,NA,1,1,1,without_sce,1
160876,OG161876,NA,1,1,1,without_sce,1
160930,OG161930,NA,1,1,1,without_sce,1
161070,OG162070,NA,1,1,1,without_sce,1
161158,OG162158,NA,1,1,1,without_sce,1
161423,OG162423,NA,1,1,1,without_sce,1
161504,OG162504,NA,1,1,1,without_sce,1
161555,OG162555,NA,1,1,1,without_sce,1
161603,OG162603,NA,1,1,1,without_sce,1
161843,OG162843,NA,1,1,1,without_sce,1
161917,OG162917,NA,1,1,1,without_sce,1
161957,OG162957,NA,1,1,1,without_sce,1
161991,OG162991,NA,1,1,1,without_sce,1
162060,OG163060,NA,1,1,1,without_sce,1
162107,OG163107,NA,1,1,1,without_sce,1
162126,OG163126,NA,1,1,1,without_sce,1
162135,OG163135,NA,1,1,1,without_sce,1
162225,OG163225,NA,1,1,1,without_sce,1
162306,OG163306,NA,1,1,1,without_sce,1
162325,OG163325,NA,1,1,1,without_sce,1
162355,OG163355,NA,1,1,1,without_sce,1
162367,OG163367,NA,1,1,1,without_sce,1
162701,OG163701,NA,1,1,1,without_sce,1
162846,OG163846,NA,1,1,1,without_sce,1
162900,OG163900,NA,1,1,1,without_sce,1
163018,OG164018,NA,1,1,1,without_sce,1
163056,OG164056,NA,1,1,1,without_sce,1
163181,OG164181,NA,1,1,1,without_sce,1
163213,OG164213,NA,1,1,1,without_sce,1
163300,OG164300,NA,1,1,1,without_sce,1
163401,OG164401,NA,1,1,1,without_sce,1
163420,OG164420,NA,1,1,1,without_sce,1
163658,OG164658,NA,1,1,1,without_sce,1
163756,OG164756,NA,1,1,1,without_sce,1
163774,OG164774,NA,1,1,1,without_sce,1
163809,OG164809,NA,1,1,1,without_sce,1
164033,OG165033,NA,1,1,1,without_sce,1
164151,OG165151,NA,1,1,1,without_sce,1
164231,OG165231,NA,1,1,1,without_sce,1
164292,OG165292,NA,1,1,1,without_sce,1
164390,OG165390,NA,1,1,1,without_sce,1
164605,OG165605,NA,1,1,1,without_sce,1
164641,OG165641,NA,1,1,1,without_sce,1
164682,OG165682,NA,1,1,1,without_sce,1
164725,OG165725,NA,1,1,1,without_sce,1
164778,OG165778,NA,1,1,1,without_sce,1
164822,OG165822,NA,1,1,1,without_sce,1
164948,OG165948,NA,1,1,1,without_sce,1
164993,OG165993,NA,1,1,1,without_sce,1
165032,OG166032,NA,1,1,1,without_sce,1
165170,OG166170,NA,1,1,1,without_sce,1
165300,OG166300,NA,1,1,1,without_sce,1
165384,OG166384,NA,1,1,1,without_sce,1
165410,OG166410,NA,1,1,1,without_sce,1
165485,OG166485,NA,1,1,1,without_sce,1
165522,OG166522,NA,1,1,1,without_sce,1
165675,OG166675,NA,1,1,1,without_sce,1
165714,OG166714,NA,1,1,1,without_sce,1
165766,OG166766,NA,1,1,1,without_sce,1
165840,OG166840,NA,1,1,1,without_sce,1
165989,OG166989,NA,1,1,1,without_sce,1
166099,OG167099,NA,1,1,1,without_sce,1
166128,OG167128,NA,1,1,1,without_sce,1
166269,OG167269,NA,1,1,1,without_sce,1
166383,OG167383,NA,1,1,1,without_sce,1
166437,OG167437,NA,1,1,1,without_sce,1
166459,OG167459,NA,1,1,1,without_sce,1
166657,OG167657,NA,1,1,1,without_sce,1
166880,OG167880,NA,1,1,1,without_sce,1
166893,OG167893,NA,1,1,1,without_sce,1
166937,OG167937,NA,1,1,1,without_sce,1
167054,OG168054,NA,1,1,1,without_sce,1
167140,OG168140,NA,1,1,1,without_sce,1
167227,OG168227,NA,1,1,1,without_sce,1
167437,OG168437,NA,1,1,1,without_sce,1
167710,OG168710,NA,1,1,1,without_sce,1
167820,OG168820,NA,1,1,1,without_sce,1
167928,OG168928,NA,1,1,1,without_sce,1
167961,OG168961,NA,1,1,1,without_sce,1
168073,OG169073,NA,1,1,1,without_sce,1
168106,OG169106,NA,1,1,1,without_sce,1
168152,OG169152,NA,1,1,1,without_sce,1
168231,OG169231,NA,1,1,1,without_sce,1
168304,OG169304,NA,1,1,1,without_sce,1
168350,OG169350,NA,1,1,1,without_sce,1
168357,OG169357,NA,1,1,1,without_sce,1
168491,OG169491,NA,1,1,1,without_sce,1
168574,OG169574,NA,1,1,1,without_sce,1
168610,OG169610,NA,1,1,1,without_sce,1
168674,OG169674,NA,1,1,1,without_sce,1
168749,OG169749,NA,1,1,1,without_sce,1
168917,OG169917,NA,1,1,1,without_sce,1
168955,OG169955,NA,1,1,1,without_sce,1
169034,OG170034,NA,1,1,1,without_sce,1
169185,OG170185,NA,1,1,1,without_sce,1
169368,OG170368,NA,1,1,1,without_sce,1
169416,OG170416,NA,1,1,1,without_sce,1
169511,OG170511,NA,1,1,1,without_sce,1
169569,OG170569,NA,1,1,1,without_sce,1
169592,OG170592,NA,1,1,1,without_sce,1
169624,OG170624,NA,1,1,1,without_sce,1
169714,OG170714,NA,1,1,1,without_sce,1
169736,OG170736,NA,1,1,1,without_sce,1
169881,OG170881,NA,1,1,1,without_sce,1
169905,OG170905,NA,1,1,1,without_sce,1
169924,OG170924,NA,1,1,1,without_sce,1
169944,OG170944,NA,1,1,1,with_sce,1
169989,OG170989,NA,1,1,1,without_sce,1
170043,OG171043,NA,1,1,1,without_sce,1
170065,OG171065,NA,1,1,1,without_sce,1
170116,OG171116,NA,1,1,1,without_sce,1
170140,OG171140,NA,1,1,1,without_sce,1
170201,OG171201,NA,1,1,1,without_sce,1
170334,OG171334,NA,1,1,1,without_sce,1
170360,OG171360,NA,1,1,1,without_sce,1
170371,OG171371,NA,1,1,1,without_sce,1
170467,OG171467,NA,1,1,1,without_sce,1
170636,OG171636,NA,1,1,1,without_sce,1
170661,OG171661,NA,1,1,1,without_sce,1
170673,OG171673,NA,1,1,1,without_sce,1
170735,OG171735,NA,1,1,1,without_sce,1
170943,OG171943,NA,1,1,1,without_sce,1
171266,OG172266,NA,1,1,1,without_sce,1
171493,OG172493,NA,1,1,1,without_sce,1
171592,OG172592,NA,1,1,1,without_sce,1
171603,OG172603,NA,1,1,1,without_sce,1
171816,OG172816,NA,1,1,1,without_sce,1
171905,OG172905,NA,1,1,1,without_sce,1
171956,OG172956,NA,1,1,1,without_sce,1
172037,OG173037,NA,1,1,1,without_sce,1
172265,OG173265,NA,1,1,1,without_sce,1
172461,OG173461,NA,1,1,1,without_sce,1
172488,OG173488,NA,1,1,1,without_sce,1
172912,OG173912,NA,1,1,1,without_sce,1
173082,OG174082,NA,1,1,1,without_sce,1
173162,OG174162,NA,1,1,1,without_sce,1
173351,OG174351,NA,1,1,1,without_sce,1
173398,OG174398,NA,1,1,1,without_sce,1
173450,OG174450,NA,1,1,1,without_sce,1
173469,OG174469,NA,1,1,1,without_sce,1
173661,OG174661,NA,1,1,1,without_sce,1
173863,OG174863,NA,1,1,1,without_sce,1
173985,OG174985,NA,1,1,1,without_sce,1
173987,OG174987,NA,1,1,1,without_sce,1
174024,OG175024,NA,1,1,1,without_sce,1
174054,OG175054,NA,1,1,1,without_sce,1
174079,OG175079,NA,1,1,1,without_sce,1
174148,OG175148,NA,1,1,1,without_sce,1
174161,OG175161,NA,1,1,1,without_sce,1
174577,OG175577,NA,1,1,1,without_sce,1
174592,OG175592,NA,1,1,1,without_sce,1
174714,OG175714,NA,1,1,1,without_sce,1
174832,OG175832,NA,1,1,1,without_sce,1
174980,OG175980,NA,1,1,1,without_sce,1
175002,OG176002,NA,1,1,1,without_sce,1
175093,OG176093,NA,1,1,1,without_sce,1
175164,OG176164,NA,1,1,1,without_sce,1
175195,OG176195,NA,1,1,1,without_sce,1
175219,OG176219,NA,1,1,1,without_sce,1
175269,OG176269,NA,1,1,1,without_sce,1
175316,OG176316,NA,1,1,1,without_sce,1
175475,OG176475,NA,1,1,1,without_sce,1
175709,OG176709,NA,1,1,1,without_sce,1
175775,OG176775,NA,1,1,1,without_sce,1
175842,OG176842,NA,1,1,1,without_sce,1
175853,OG176853,NA,1,1,1,without_sce,1
175878,OG176878,NA,1,1,1,without_sce,1
175985,OG176985,NA,1,1,1,without_sce,1
175989,OG176989,NA,1,1,1,without_sce,1
176018,OG177018,NA,1,1,1,without_sce,1
176107,OG177107,NA,1,1,1,without_sce,1
176182,OG177182,NA,1,1,1,without_sce,1
176259,OG177259,NA,1,1,1,without_sce,1
176333,OG177333,NA,1,1,1,without_sce,1
176596,OG177596,NA,1,1,1,without_sce,1
176601,OG177601,NA,1,1,1,without_sce,1
176627,OG177627,NA,1,1,1,without_sce,1
176752,OG177752,NA,1,1,1,without_sce,1
176850,OG177850,NA,1,1,1,without_sce,1
176859,OG177859,NA,1,1,1,without_sce,1
176918,OG177918,NA,1,1,1,without_sce,1
176990,OG177990,NA,1,1,1,without_sce,1
177038,OG178038,NA,1,1,1,without_sce,1
177063,OG178063,NA,1,1,1,without_sce,1
177166,OG178166,NA,1,1,1,without_sce,1
177307,OG178307,NA,1,1,1,without_sce,1
177350,OG178350,NA,1,1,1,without_sce,1
177474,OG178474,NA,1,1,1,without_sce,1
177529,OG178529,NA,1,1,1,without_sce,1
177635,OG178635,NA,1,1,1,without_sce,1
177707,OG178707,NA,1,1,1,without_sce,1
177854,OG178854,NA,1,1,1,without_sce,1
177894,OG178894,NA,1,1,1,without_sce,1
177939,OG178939,NA,1,1,1,without_sce,1
178029,OG179029,NA,1,1,1,without_sce,1
178093,OG179093,NA,1,1,1,without_sce,1
178176,OG179176,NA,1,1,1,without_sce,1
178215,OG179215,NA,1,1,1,without_sce,1
178554,OG179554,NA,1,1,1,without_sce,1
178764,OG179764,NA,1,1,1,without_sce,1
178808,OG179808,NA,1,1,1,without_sce,1
178832,OG179832,NA,1,1,1,without_sce,1
179265,OG180265,NA,1,1,1,without_sce,1
179376,OG180376,NA,1,1,1,without_sce,1
179385,OG180385,NA,1,1,1,without_sce,1
179452,OG180452,NA,1,1,1,without_sce,1
179579,OG180579,NA,1,1,1,without_sce,1
179664,OG180664,NA,1,1,1,without_sce,1
179714,OG180714,NA,1,1,1,without_sce,1
179753,OG180753,NA,1,1,1,without_sce,1
179789,OG180789,NA,1,1,1,without_sce,1
179812,OG180812,NA,1,1,1,without_sce,1
180026,OG181026,NA,1,1,1,without_sce,1
180065,OG181065,NA,1,1,1,without_sce,1
180150,OG181150,NA,1,1,1,without_sce,1
180643,OG181643,NA,1,1,1,without_sce,1
180702,OG181702,NA,1,1,1,without_sce,1
180838,OG181838,NA,1,1,1,without_sce,1
180885,OG181885,NA,1,1,1,without_sce,1
180925,OG181925,NA,1,1,1,without_sce,1
180931,OG181931,NA,1,1,1,without_sce,1
181077,OG182077,NA,1,1,1,without_sce,1
181106,OG182106,NA,1,1,1,without_sce,1
181491,OG182491,NA,1,1,1,without_sce,1
181643,OG182643,NA,1,1,1,without_sce,1
181689,OG182689,NA,1,1,1,without_sce,1
181731,OG182731,NA,1,1,1,without_sce,1
181788,OG182788,NA,1,1,1,without_sce,1
181841,OG182841,NA,1,1,1,without_sce,1
181994,OG182994,NA,1,1,1,without_sce,1
182194,OG183194,NA,1,1,1,without_sce,1
182225,OG183225,NA,1,1,1,without_sce,1
182522,OG183522,NA,1,1,1,without_sce,1
182621,OG183621,NA,1,1,1,without_sce,1
182766,OG183766,NA,1,1,1,without_sce,1
182910,OG183910,NA,1,1,1,without_sce,1
182925,OG183925,NA,1,1,1,without_sce,1
183111,OG184111,NA,1,1,1,without_sce,1
183213,OG184213,NA,1,1,1,without_sce,1
183414,OG184414,NA,1,1,1,without_sce,1
183415,OG184415,NA,1,1,1,without_sce,1
183621,OG184621,NA,1,1,1,without_sce,1
183668,OG184668,NA,1,1,1,without_sce,1
183698,OG184698,NA,1,1,1,without_sce,1
183929,OG184929,NA,1,1,1,without_sce,1
183946,OG184946,NA,1,1,1,without_sce,1
184130,OG185130,NA,1,1,1,without_sce,1
184138,OG185138,NA,1,1,1,without_sce,1
184474,OG185474,NA,1,1,1,without_sce,1
184539,OG185539,NA,1,1,1,without_sce,1
184575,OG185575,NA,1,1,1,without_sce,1
184607,OG185607,NA,1,1,1,without_sce,1
184772,OG185772,NA,1,1,1,without_sce,1
184873,OG185873,NA,1,1,1,without_sce,1
185031,OG186031,NA,1,1,1,without_sce,1
185103,OG186103,NA,1,1,1,without_sce,1
185148,OG186148,NA,1,1,1,without_sce,1
185179,OG186179,NA,1,1,1,without_sce,1
185212,OG186212,NA,1,1,1,without_sce,1
185226,OG186226,NA,1,1,1,without_sce,1
185304,OG186304,NA,1,1,1,without_sce,1
185324,OG186324,NA,1,1,1,without_sce,1
185440,OG186440,NA,1,1,1,without_sce,1
185521,OG186521,NA,1,1,1,without_sce,1
185544,OG186544,NA,1,1,1,without_sce,1
185755,OG186755,NA,1,1,1,without_sce,1
185989,OG186989,NA,1,1,1,without_sce,1
186275,OG187275,NA,1,1,1,without_sce,1
186456,OG187456,NA,1,1,1,without_sce,1
186474,OG187474,NA,1,1,1,without_sce,1
186626,OG187626,NA,1,1,1,without_sce,1
186768,OG187768,NA,1,1,1,without_sce,1
186874,OG187874,NA,1,1,1,without_sce,1
186932,OG187932,NA,1,1,1,without_sce,1
187173,OG188173,NA,1,1,1,without_sce,1
187174,OG188174,NA,1,1,1,without_sce,1
187215,OG188215,NA,1,1,1,without_sce,1
187229,OG188229,NA,1,1,1,without_sce,1
187402,OG188402,NA,1,1,1,without_sce,1
187432,OG188432,NA,1,1,1,without_sce,1
187518,OG188518,NA,1,1,1,without_sce,1
187682,OG188682,NA,1,1,1,without_sce,1
187751,OG188751,NA,1,1,1,without_sce,1
187970,OG188970,NA,1,1,1,without_sce,1
188093,OG189093,NA,1,1,1,without_sce,1
188112,OG189112,NA,1,1,1,without_sce,1
188124,OG189124,NA,1,1,1,without_sce,1
188203,OG189203,NA,1,1,1,without_sce,1
188231,OG189231,NA,1,1,1,without_sce,1
188492,OG189492,NA,1,1,1,with_sce,1
188559,OG189559,NA,1,1,1,without_sce,1
188674,OG189674,NA,1,1,1,without_sce,1
188676,OG189676,NA,1,1,1,without_sce,1
188706,OG189706,NA,1,1,1,without_sce,1
188717,OG189717,NA,1,1,1,without_sce,1
188735,OG189735,NA,1,1,1,without_sce,1
188774,OG189774,NA,1,1,1,without_sce,1
188778,OG189778,NA,1,1,1,without_sce,1
188811,OG189811,NA,1,1,1,without_sce,1
188892,OG189892,NA,1,1,1,without_sce,1
188895,OG189895,NA,1,1,1,without_sce,1
188943,OG189943,NA,1,1,1,without_sce,1
188984,OG189984,NA,1,1,1,without_sce,1
189326,OG190326,NA,1,1,1,without_sce,1
189399,OG190399,NA,1,1,1,without_sce,1
189435,OG190435,NA,1,1,1,without_sce,1
189554,OG190554,NA,1,1,1,without_sce,1
189568,OG190568,NA,1,1,1,without_sce,1
189750,OG190750,NA,1,1,1,without_sce,1
189826,OG190826,NA,1,1,1,without_sce,1
189834,OG190834,NA,1,1,1,without_sce,1
189840,OG190840,NA,1,1,1,without_sce,1
189868,OG190868,NA,1,1,1,without_sce,1
189871,OG190871,NA,1,1,1,without_sce,1
189956,OG190956,NA,1,1,1,without_sce,1
190081,OG191081,NA,1,1,1,without_sce,1
190198,OG191198,NA,1,1,1,without_sce,1
190392,OG191392,NA,1,1,1,without_sce,1
190458,OG191458,NA,1,1,1,without_sce,1
190777,OG191777,NA,1,1,1,without_sce,1
190971,OG191971,NA,1,1,1,without_sce,1
191038,OG192038,NA,1,1,1,without_sce,1
191198,OG192198,NA,1,1,1,without_sce,1
191226,OG192226,NA,1,1,1,without_sce,1
191251,OG192251,NA,1,1,1,without_sce,1
191421,OG192421,NA,1,1,1,without_sce,1
191666,OG192666,NA,1,1,1,without_sce,1
191790,OG192790,NA,1,1,1,without_sce,1
192117,OG193117,NA,1,1,1,without_sce,1
192256,OG193256,NA,1,1,1,without_sce,1
192270,OG193270,NA,1,1,1,without_sce,1
192455,OG193455,NA,1,1,1,without_sce,1
192462,OG193462,NA,1,1,1,without_sce,1
192564,OG193564,NA,1,1,1,without_sce,1
192703,OG193703,NA,1,1,1,without_sce,1
192733,OG193733,NA,1,1,1,without_sce,1
193047,OG194047,NA,1,1,1,without_sce,1
193077,OG194077,NA,1,1,1,without_sce,1
193137,OG194137,NA,1,1,1,without_sce,1
193423,OG194423,NA,1,1,1,without_sce,1
193852,OG194852,NA,1,1,1,without_sce,1
193906,OG194906,NA,1,1,1,without_sce,1
194044,OG195044,NA,1,1,1,without_sce,1
194134,OG195134,NA,1,1,1,without_sce,1
194228,OG195228,NA,1,1,1,without_sce,1
194347,OG195347,NA,1,1,1,without_sce,1
194406,OG195406,NA,1,1,1,without_sce,1
194487,OG195487,NA,1,1,1,without_sce,1
194505,OG195505,NA,1,1,1,without_sce,1
194560,OG195560,NA,1,1,1,without_sce,1
194564,OG195564,NA,1,1,1,without_sce,1
194593,OG195593,NA,1,1,1,without_sce,1
194660,OG195660,NA,1,1,1,without_sce,1
194666,OG195666,NA,1,1,1,without_sce,1
194699,OG195699,NA,1,1,1,without_sce,1
194752,OG195752,NA,1,1,1,without_sce,1
194824,OG195824,NA,1,1,1,without_sce,1
194872,OG195872,NA,1,1,1,without_sce,1
194970,OG195970,NA,1,1,1,without_sce,1
195016,OG196016,NA,1,1,1,without_sce,1
195061,OG196061,NA,1,1,1,without_sce,1
195084,OG196084,NA,1,1,1,without_sce,1
195141,OG196141,NA,1,1,1,without_sce,1
195163,OG196163,NA,1,1,1,without_sce,1
195293,OG196293,NA,1,1,1,without_sce,1
195364,OG196364,NA,1,1,1,without_sce,1
195417,OG196417,NA,1,1,1,without_sce,1
195529,OG196529,NA,1,1,1,without_sce,1
195592,OG196592,NA,1,1,1,without_sce,1
195657,OG196657,NA,1,1,1,without_sce,1
195717,OG196717,NA,1,1,1,without_sce,1
195787,OG196787,NA,1,1,1,without_sce,1
195842,OG196842,NA,1,1,1,without_sce,1
195876,OG196876,NA,1,1,1,without_sce,1
195941,OG196941,NA,1,1,1,without_sce,1
195953,OG196953,NA,1,1,1,without_sce,1
196006,OG197006,NA,1,1,1,without_sce,1
196105,OG197105,NA,1,1,1,without_sce,1
196211,OG197211,NA,1,1,1,without_sce,1
196239,OG197239,NA,1,1,1,without_sce,1
196290,OG197290,NA,1,1,1,without_sce,1
196418,OG197418,NA,1,1,1,without_sce,1
196420,OG197420,NA,1,1,1,without_sce,1
196650,OG197650,NA,1,1,1,without_sce,1
196687,OG197687,NA,1,1,1,without_sce,1
196812,OG197812,NA,1,1,1,without_sce,1
196887,OG197887,NA,1,1,1,without_sce,1
196979,OG197979,NA,1,1,1,without_sce,1
197253,OG198253,NA,1,1,1,without_sce,1
197294,OG198294,NA,1,1,1,without_sce,1
197848,OG198848,NA,1,1,1,without_sce,1
198027,OG199027,NA,1,1,1,without_sce,1
198238,OG199238,NA,1,1,1,without_sce,1
198426,OG199426,NA,1,1,1,without_sce,1
198437,OG199437,NA,1,1,1,without_sce,1
198578,OG199578,NA,1,1,1,without_sce,1
198586,OG199586,NA,1,1,1,without_sce,1
198910,OG199910,NA,1,1,1,without_sce,1
199144,OG200144,NA,1,1,1,without_sce,1
199235,OG200235,NA,1,1,1,without_sce,1
199388,OG200388,NA,1,1,1,without_sce,1
199442,OG200442,NA,1,1,1,without_sce,1
199533,OG200533,NA,1,1,1,without_sce,1
199601,OG200601,NA,1,1,1,without_sce,1
199746,OG200746,NA,1,1,1,without_sce,1
199776,OG200776,NA,1,1,1,without_sce,1
199907,OG200907,NA,1,1,1,without_sce,1
199941,OG200941,NA,1,1,1,without_sce,1
200102,OG201102,NA,1,1,1,without_sce,1
200316,OG201316,NA,1,1,1,without_sce,1
200358,OG201358,NA,1,1,1,without_sce,1
200438,OG201438,NA,1,1,1,without_sce,1
200440,OG201440,NA,1,1,1,without_sce,1
200520,OG201520,NA,1,1,1,without_sce,1
200619,OG201619,NA,1,1,1,without_sce,1
200701,OG201701,NA,1,1,1,without_sce,1
200945,OG201945,NA,1,1,1,without_sce,1
200949,OG201949,NA,1,1,1,without_sce,1
201032,OG202032,NA,1,1,1,without_sce,1
201165,OG202165,NA,1,1,1,without_sce,1
201180,OG202180,NA,1,1,1,without_sce,1
201190,OG202190,NA,1,1,1,without_sce,1
201427,OG202427,NA,1,1,1,without_sce,1
201545,OG202545,NA,1,1,1,without_sce,1
201585,OG202585,NA,1,1,1,without_sce,1
201597,OG202597,NA,1,1,1,without_sce,1
201849,OG202849,NA,1,1,1,without_sce,1
201853,OG202853,NA,1,1,1,without_sce,1
201872,OG202872,NA,1,1,1,without_sce,1
201889,OG202889,NA,1,1,1,without_sce,1
201958,OG202958,NA,1,1,1,without_sce,1
202155,OG203155,NA,1,1,1,without_sce,1
202489,OG203489,NA,1,1,1,without_sce,1
202515,OG203515,NA,1,1,1,without_sce,1
202756,OG203756,NA,1,1,1,without_sce,1
202816,OG203816,NA,1,1,1,without_sce,1
202902,OG203902,NA,1,1,1,without_sce,1
203012,OG204012,NA,1,1,1,without_sce,1
203048,OG204048,NA,1,1,1,without_sce,1
203147,OG204147,NA,1,1,1,without_sce,1
203214,OG204214,NA,1,1,1,without_sce,1
203650,OG204650,NA,1,1,1,without_sce,1
203743,OG204743,NA,1,1,1,without_sce,1
204050,OG205050,NA,1,1,1,without_sce,1
204348,OG205348,NA,1,1,1,without_sce,1
204417,OG205417,NA,1,1,1,without_sce,1
204656,OG205656,NA,1,1,1,without_sce,1
204710,OG205710,NA,1,1,1,without_sce,1
204762,OG205762,NA,1,1,1,without_sce,1
204775,OG205775,NA,1,1,1,without_sce,1
204819,OG205819,NA,1,1,1,without_sce,1
204893,OG205893,NA,1,1,1,without_sce,1
204897,OG205897,NA,1,1,1,without_sce,1
204946,OG205946,NA,1,1,1,without_sce,1
205002,OG206002,NA,1,1,1,without_sce,1
205307,OG206307,NA,1,1,1,without_sce,1
205415,OG206415,NA,1,1,1,without_sce,1
205574,OG206574,NA,1,1,1,without_sce,1
205730,OG206730,NA,1,1,1,without_sce,1
206110,OG207110,NA,1,1,1,without_sce,1
206171,OG207171,NA,1,1,1,without_sce,1
206189,OG207189,NA,1,1,1,without_sce,1
206270,OG207270,NA,1,1,1,without_sce,1
206331,OG207331,NA,1,1,1,without_sce,1
206572,OG207572,NA,1,1,1,without_sce,1
206668,OG207668,NA,1,1,1,without_sce,1
206703,OG207703,NA,1,1,1,without_sce,1
206774,OG207774,NA,1,1,1,without_sce,1
206935,OG207935,NA,1,1,1,without_sce,1
207026,OG208026,NA,1,1,1,without_sce,1
207552,OG208552,NA,1,1,1,without_sce,1
207662,OG208662,NA,1,1,1,without_sce,1
207695,OG208695,NA,1,1,1,without_sce,1
207725,OG208725,NA,1,1,1,without_sce,1
207739,OG208739,NA,1,1,1,without_sce,1
207886,OG208886,NA,1,1,1,without_sce,1
207977,OG208977,NA,1,1,1,without_sce,1
208060,OG209060,NA,1,1,1,without_sce,1
208134,OG209134,NA,1,1,1,without_sce,1
208342,OG209342,NA,1,1,1,without_sce,1
208354,OG209354,NA,1,1,1,without_sce,1
208426,OG209426,NA,1,1,1,without_sce,1
208535,OG209535,NA,1,1,1,without_sce,1
208602,OG209602,NA,1,1,1,without_sce,1
209277,OG210277,NA,1,1,1,without_sce,1
209286,OG210286,NA,1,1,1,without_sce,1
209435,OG210435,NA,1,1,1,without_sce,1
209483,OG210483,NA,1,1,1,without_sce,1
209591,OG210591,NA,1,1,1,without_sce,1
209762,OG210762,NA,1,1,1,without_sce,1
209827,OG210827,NA,1,1,1,without_sce,1
209885,OG210885,NA,1,1,1,without_sce,1
209888,OG210888,NA,1,1,1,without_sce,1
209928,OG210928,NA,1,1,1,without_sce,1
209955,OG210955,NA,1,1,1,without_sce,1
210011,OG211011,NA,1,1,1,without_sce,1
210087,OG211087,NA,1,1,1,without_sce,1
210278,OG211278,NA,1,1,1,without_sce,1
210367,OG211367,NA,1,1,1,without_sce,1
210387,OG211387,NA,1,1,1,without_sce,1
210462,OG211462,NA,1,1,1,without_sce,1
210720,OG211720,NA,1,1,1,without_sce,1
210721,OG211721,NA,1,1,1,without_sce,1
211015,OG212015,NA,1,1,1,without_sce,1
211060,OG212060,NA,1,1,1,without_sce,1
211192,OG212192,NA,1,1,1,without_sce,1
211206,OG212206,NA,1,1,1,without_sce,1
211362,OG212362,NA,1,1,1,without_sce,1
211609,OG212609,NA,1,1,1,without_sce,1
211610,OG212610,NA,1,1,1,without_sce,1
211632,OG212632,NA,1,1,1,without_sce,1
211681,OG212681,NA,1,1,1,without_sce,1
211839,OG212839,NA,1,1,1,without_sce,1
211860,OG212860,NA,1,1,1,without_sce,1
211896,OG212896,NA,1,1,1,without_sce,1
211944,OG212944,NA,1,1,1,without_sce,1
212022,OG213022,NA,1,1,1,without_sce,1
212028,OG213028,NA,1,1,1,without_sce,1
212096,OG213096,NA,1,1,1,without_sce,1
212264,OG213264,NA,1,1,1,without_sce,1
212569,OG213569,NA,1,1,1,without_sce,1
212609,OG213609,NA,1,1,1,without_sce,1
212672,OG213672,NA,1,1,1,without_sce,1
212838,OG213838,NA,1,1,1,without_sce,1
212946,OG213946,NA,1,1,1,without_sce,1
213107,OG214107,NA,1,1,1,without_sce,1
213180,OG214180,NA,1,1,1,without_sce,1
213241,OG214241,NA,1,1,1,without_sce,1
213296,OG214296,NA,1,1,1,without_sce,1
213432,OG214432,NA,1,1,1,without_sce,1
213480,OG214480,NA,1,1,1,without_sce,1
213779,OG214779,NA,1,1,1,without_sce,1
213859,OG214859,NA,1,1,1,without_sce,1
213880,OG214880,NA,1,1,1,without_sce,1
214133,OG215133,NA,1,1,1,without_sce,1
214238,OG215238,NA,1,1,1,without_sce,1
214276,OG215276,NA,1,1,1,without_sce,1
214399,OG215399,NA,1,1,1,without_sce,1
214820,OG215820,NA,1,1,1,without_sce,1
214826,OG215826,NA,1,1,1,without_sce,1
214847,OG215847,NA,1,1,1,without_sce,1
215021,OG216021,NA,1,1,1,without_sce,1
215069,OG216069,NA,1,1,1,without_sce,1
215415,OG216415,NA,1,1,1,without_sce,1
215460,OG216460,NA,1,1,1,without_sce,1
215502,OG216502,NA,1,1,1,without_sce,1
215670,OG216670,NA,1,1,1,without_sce,1
215698,OG216698,NA,1,1,1,without_sce,1
215784,OG216784,NA,1,1,1,without_sce,1
215886,OG216886,NA,1,1,1,without_sce,1
215891,OG216891,NA,1,1,1,without_sce,1
215897,OG216897,NA,1,1,1,without_sce,1
215908,OG216908,NA,1,1,1,without_sce,1
216210,OG217210,NA,1,1,1,without_sce,1
216265,OG217265,NA,1,1,1,without_sce,1
216357,OG217357,NA,1,1,1,without_sce,1
216393,OG217393,NA,1,1,1,without_sce,1
216415,OG217415,NA,1,1,1,without_sce,1
216464,OG217464,NA,1,1,1,without_sce,1
216553,OG217553,NA,1,1,1,without_sce,1
216681,OG217681,NA,1,1,1,without_sce,1
216763,OG217763,NA,1,1,1,without_sce,1
216844,OG217844,NA,1,1,1,without_sce,1
217012,OG218012,NA,1,1,1,without_sce,1
217098,OG218098,NA,1,1,1,without_sce,1
217161,OG218161,NA,1,1,1,without_sce,1
217746,OG218746,NA,1,1,1,without_sce,1
217770,OG218770,NA,1,1,1,without_sce,1
217806,OG218806,NA,1,1,1,without_sce,1
217827,OG218827,NA,1,1,1,without_sce,1
217829,OG218829,NA,1,1,1,without_sce,1
217936,OG218936,NA,1,1,1,without_sce,1
218060,OG219060,NA,1,1,1,without_sce,1
218117,OG219117,NA,1,1,1,without_sce,1
218182,OG219182,NA,1,1,1,without_sce,1
218249,OG219249,NA,1,1,1,without_sce,1
218302,OG219302,NA,1,1,1,without_sce,1
218338,OG219338,NA,1,1,1,without_sce,1
218343,OG219343,NA,1,1,1,without_sce,1
218580,OG219580,NA,1,1,1,without_sce,1
218629,OG219629,NA,1,1,1,without_sce,1
218653,OG219653,NA,1,1,1,without_sce,1
218745,OG219745,NA,1,1,1,without_sce,1
218755,OG219755,NA,1,1,1,without_sce,1
218830,OG219830,NA,1,1,1,without_sce,1
219014,OG220014,NA,1,1,1,without_sce,1
219066,OG220066,NA,1,1,1,without_sce,1
219125,OG220125,NA,1,1,1,without_sce,1
219242,OG220242,NA,1,1,1,without_sce,1
219511,OG220511,NA,1,1,1,without_sce,1
219602,OG220602,NA,1,1,1,without_sce,1
219631,OG220631,NA,1,1,1,without_sce,1
219691,OG220691,NA,1,1,1,without_sce,1
219737,OG220737,NA,1,1,1,without_sce,1
219816,OG220816,NA,1,1,1,without_sce,1
219931,OG220931,NA,1,1,1,without_sce,1
219980,OG220980,NA,1,1,1,without_sce,1
220454,OG221454,NA,1,1,1,without_sce,1
220535,OG221535,NA,1,1,1,without_sce,1
220578,OG221578,NA,1,1,1,without_sce,1
220656,OG221656,NA,1,1,1,without_sce,1
220678,OG221678,NA,1,1,1,without_sce,1
220710,OG221710,NA,1,1,1,without_sce,1
220977,OG221977,NA,1,1,1,without_sce,1
221046,OG222046,NA,1,1,1,without_sce,1
221238,OG222238,NA,1,1,1,without_sce,1
221249,OG222249,NA,1,1,1,without_sce,1
221450,OG222450,NA,1,1,1,without_sce,1
221621,OG222621,NA,1,1,1,without_sce,1
221740,OG222740,NA,1,1,1,without_sce,1
221755,OG222755,NA,1,1,1,without_sce,1
221780,OG222780,NA,1,1,1,without_sce,1
221835,OG222835,NA,1,1,1,without_sce,1
222099,OG223099,NA,1,1,1,without_sce,1
222204,OG223204,NA,1,1,1,without_sce,1
222257,OG223257,NA,1,1,1,without_sce,1
222377,OG223377,NA,1,1,1,without_sce,1
222397,OG223397,NA,1,1,1,without_sce,1
222420,OG223420,NA,1,1,1,without_sce,1
222441,OG223441,NA,1,1,1,without_sce,1
222555,OG223555,NA,1,1,1,without_sce,1
222612,OG223612,NA,1,1,1,without_sce,1
222619,OG223619,NA,1,1,1,without_sce,1
222650,OG223650,NA,1,1,1,without_sce,1
222730,OG223730,NA,1,1,1,without_sce,1
222801,OG223801,NA,1,1,1,without_sce,1
222930,OG223930,NA,1,1,1,without_sce,1
222943,OG223943,NA,1,1,1,without_sce,1
223162,OG224162,NA,1,1,1,without_sce,1
223315,OG224315,NA,1,1,1,without_sce,1
223327,OG224327,NA,1,1,1,without_sce,1
223342,OG224342,NA,1,1,1,without_sce,1
223351,OG224351,NA,1,1,1,without_sce,1
223358,OG224358,NA,1,1,1,without_sce,1
223362,OG224362,NA,1,1,1,without_sce,1
223424,OG224424,NA,1,1,1,without_sce,1
223468,OG224468,NA,1,1,1,without_sce,1
223572,OG224572,NA,1,1,1,without_sce,1
223576,OG224576,NA,1,1,1,without_sce,1
223741,OG224741,NA,1,1,1,without_sce,1
223842,OG224842,NA,1,1,1,without_sce,1
223850,OG224850,NA,1,1,1,without_sce,1
223905,OG224905,NA,1,1,1,without_sce,1
223931,OG224931,NA,1,1,1,without_sce,1
223999,OG224999,NA,1,1,1,without_sce,1
224003,OG225003,NA,1,1,1,without_sce,1
224049,OG225049,NA,1,1,1,without_sce,1
224164,OG225164,NA,1,1,1,without_sce,1
224224,OG225224,NA,1,1,1,without_sce,1
224231,OG225231,NA,1,1,1,without_sce,1
224279,OG225279,NA,1,1,1,without_sce,1
224518,OG225518,NA,1,1,1,without_sce,1
224560,OG225560,NA,1,1,1,without_sce,1
224579,OG225579,NA,1,1,1,without_sce,1
224739,OG225739,NA,1,1,1,without_sce,1
224746,OG225746,NA,1,1,1,without_sce,1
224780,OG225780,NA,1,1,1,without_sce,1
224819,OG225819,NA,1,1,1,without_sce,1
224923,OG225923,NA,1,1,1,without_sce,1
225046,OG226046,NA,1,1,1,without_sce,1
225057,OG226057,NA,1,1,1,without_sce,1
225074,OG226074,NA,1,1,1,without_sce,1
225088,OG226088,NA,1,1,1,without_sce,1
225114,OG226114,NA,1,1,1,without_sce,1
225136,OG226136,NA,1,1,1,without_sce,1
225157,OG226157,NA,1,1,1,without_sce,1
225209,OG226209,NA,1,1,1,without_sce,1
225258,OG226258,NA,1,1,1,without_sce,1
225300,OG226300,NA,1,1,1,without_sce,1
225407,OG226407,NA,1,1,1,without_sce,1
225446,OG226446,NA,1,1,1,without_sce,1
225448,OG226448,NA,1,1,1,without_sce,1
225451,OG226451,NA,1,1,1,without_sce,1
225596,OG226596,NA,1,1,1,without_sce,1
225710,OG226710,NA,1,1,1,without_sce,1
225934,OG226934,NA,1,1,1,without_sce,1
225938,OG226938,NA,1,1,1,without_sce,1
225939,OG226939,NA,1,1,1,without_sce,1
226010,OG227010,NA,1,1,1,without_sce,1
226160,OG227160,NA,1,1,1,without_sce,1
226289,OG227289,NA,1,1,1,without_sce,1
226401,OG227401,NA,1,1,1,without_sce,1
226497,OG227497,NA,1,1,1,without_sce,1
226510,OG227510,NA,1,1,1,without_sce,1
226672,OG227672,NA,1,1,1,without_sce,1
226779,OG227779,NA,1,1,1,without_sce,1
226812,OG227812,NA,1,1,1,without_sce,1
226828,OG227828,NA,1,1,1,without_sce,1
226864,OG227864,NA,1,1,1,without_sce,1
227021,OG228021,NA,1,1,1,without_sce,1
227107,OG228107,NA,1,1,1,without_sce,1
227116,OG228116,NA,1,1,1,without_sce,1
227150,OG228150,NA,1,1,1,without_sce,1
227182,OG228182,NA,1,1,1,without_sce,1
227301,OG228301,NA,1,1,1,without_sce,1
227316,OG228316,NA,1,1,1,without_sce,1
227363,OG228363,NA,1,1,1,without_sce,1
227373,OG228373,NA,1,1,1,without_sce,1
227459,OG228459,NA,1,1,1,without_sce,1
227612,OG228612,NA,1,1,1,without_sce,1
227638,OG228638,NA,1,1,1,without_sce,1
227714,OG228714,NA,1,1,1,without_sce,1
227751,OG228751,NA,1,1,1,without_sce,1
227815,OG228815,NA,1,1,1,without_sce,1
227816,OG228816,NA,1,1,1,without_sce,1
227909,OG228909,NA,1,1,1,without_sce,1
228279,OG229279,NA,1,1,1,without_sce,1
228383,OG229383,NA,1,1,1,without_sce,1
228412,OG229412,NA,1,1,1,without_sce,1
228455,OG229455,NA,1,1,1,without_sce,1
228472,OG229472,NA,1,1,1,without_sce,1
228614,OG229614,NA,1,1,1,without_sce,1
228731,OG229731,NA,1,1,1,without_sce,1
228840,OG229840,NA,1,1,1,without_sce,1
228851,OG229851,NA,1,1,1,without_sce,1
228883,OG229883,NA,1,1,1,without_sce,1
228991,OG229991,NA,1,1,1,without_sce,1
229099,OG230099,NA,1,1,1,without_sce,1
229127,OG230127,NA,1,1,1,without_sce,1
229313,OG230313,NA,1,1,1,without_sce,1
229314,OG230314,NA,1,1,1,without_sce,1
229384,OG230384,NA,1,1,1,without_sce,1
229450,OG230450,NA,1,1,1,without_sce,1
229565,OG230565,NA,1,1,1,without_sce,1
229570,OG230570,NA,1,1,1,without_sce,1
229604,OG230604,NA,1,1,1,without_sce,1
229709,OG230709,NA,1,1,1,without_sce,1
229810,OG230810,NA,1,1,1,without_sce,1
229902,OG230902,NA,1,1,1,without_sce,1
229970,OG230970,NA,1,1,1,without_sce,1
230048,OG231048,NA,1,1,1,without_sce,1
230051,OG231051,NA,1,1,1,without_sce,1
230114,OG231114,NA,1,1,1,without_sce,1
230117,OG231117,NA,1,1,1,without_sce,1
230150,OG231150,NA,1,1,1,without_sce,1
230252,OG231252,NA,1,1,1,without_sce,1
230341,OG231341,NA,1,1,1,without_sce,1
230426,OG231426,NA,1,1,1,without_sce,1
230472,OG231472,NA,1,1,1,without_sce,1
230555,OG231555,NA,1,1,1,without_sce,1
230681,OG231681,NA,1,1,1,without_sce,1
230738,OG231738,NA,1,1,1,without_sce,1
230829,OG231829,NA,1,1,1,without_sce,1
230930,OG231930,NA,1,1,1,without_sce,1
230941,OG231941,NA,1,1,1,without_sce,1
230982,OG231982,NA,1,1,1,without_sce,1
230997,OG231997,NA,1,1,1,without_sce,1
231013,OG232013,NA,1,1,1,without_sce,1
231025,OG232025,NA,1,1,1,without_sce,1
231155,OG232155,NA,1,1,1,without_sce,1
231245,OG232245,NA,1,1,1,without_sce,1
231320,OG232320,NA,1,1,1,without_sce,1
231411,OG232411,NA,1,1,1,without_sce,1
231496,OG232496,NA,1,1,1,without_sce,1
231543,OG232543,NA,1,1,1,without_sce,1
231653,OG232653,NA,1,1,1,without_sce,1
231741,OG232741,NA,1,1,1,without_sce,1
232063,OG233063,NA,1,1,1,without_sce,1
232286,OG233286,NA,1,1,1,without_sce,1
232322,OG233322,NA,1,1,1,without_sce,1
232418,OG233418,NA,1,1,1,without_sce,1
232466,OG233466,NA,1,1,1,without_sce,1
232590,OG233590,NA,1,1,1,without_sce,1
232760,OG233760,NA,1,1,1,without_sce,1
232769,OG233769,NA,1,1,1,without_sce,1
232851,OG233851,NA,1,1,1,without_sce,1
232939,OG233939,NA,1,1,1,without_sce,1
233175,OG234175,NA,1,1,1,without_sce,1
233188,OG234188,NA,1,1,1,without_sce,1
233198,OG234198,NA,1,1,1,without_sce,1
233204,OG234204,NA,1,1,1,without_sce,1
